,Marks,State,City,Center Code
296019,116.0,DADRA AND NAGAR HAVELI (UT),SILVASSA,180101
296020,325.0,DADRA AND NAGAR HAVELI (UT),SILVASSA,180101
296021,303.0,DADRA AND NAGAR HAVELI (UT),SILVASSA,180101
296022,246.0,DADRA AND NAGAR HAVELI (UT),SILVASSA,180101
296023,45.0,DADRA AND NAGAR HAVELI (UT),SILVASSA,180101
296024,169.0,DADRA AND NAGAR HAVELI (UT),SILVASSA,180101
296025,176.0,DADRA AND NAGAR HAVELI (UT),SILVASSA,180101
296026,359.0,DADRA AND NAGAR HAVELI (UT),SILVASSA,180101
296027,243.0,DADRA AND NAGAR HAVELI (UT),SILVASSA,180101
296028,19.0,DADRA AND NAGAR HAVELI (UT),SILVASSA,180101
296029,322.0,DADRA AND NAGAR HAVELI (UT),SILVASSA,180101
296030,106.0,DADRA AND NAGAR HAVELI (UT),SILVASSA,180101
296031,204.0,DADRA AND NAGAR HAVELI (UT),SILVASSA,180101
296032,80.0,DADRA AND NAGAR HAVELI (UT),SILVASSA,180101
296033,198.0,DADRA AND NAGAR HAVELI (UT),SILVASSA,180101
296034,54.0,DADRA AND NAGAR HAVELI (UT),SILVASSA,180101
296035,169.0,DADRA AND NAGAR HAVELI (UT),SILVASSA,180101
296036,98.0,DADRA AND NAGAR HAVELI (UT),SILVASSA,180101
296037,352.0,DADRA AND NAGAR HAVELI (UT),SILVASSA,180101
296038,454.0,DADRA AND NAGAR HAVELI (UT),SILVASSA,180101
296039,353.0,DADRA AND NAGAR HAVELI (UT),SILVASSA,180101
296040,35.0,DADRA AND NAGAR HAVELI (UT),SILVASSA,180101
296041,408.0,DADRA AND NAGAR HAVELI (UT),SILVASSA,180101
296042,156.0,DADRA AND NAGAR HAVELI (UT),SILVASSA,180101
296043,309.0,DADRA AND NAGAR HAVELI (UT),SILVASSA,180101
296044,242.0,DADRA AND NAGAR HAVELI (UT),SILVASSA,180101
296045,353.0,DADRA AND NAGAR HAVELI (UT),SILVASSA,180101
296046,76.0,DADRA AND NAGAR HAVELI (UT),SILVASSA,180101
296047,270.0,DADRA AND NAGAR HAVELI (UT),SILVASSA,180101
296048,112.0,DADRA AND NAGAR HAVELI (UT),SILVASSA,180101
296049,369.0,DADRA AND NAGAR HAVELI (UT),SILVASSA,180101
296050,280.0,DADRA AND NAGAR HAVELI (UT),SILVASSA,180101
296051,231.0,DADRA AND NAGAR HAVELI (UT),SILVASSA,180101
296052,123.0,DADRA AND NAGAR HAVELI (UT),SILVASSA,180101
296053,98.0,DADRA AND NAGAR HAVELI (UT),SILVASSA,180101
296054,66.0,DADRA AND NAGAR HAVELI (UT),SILVASSA,180101
296055,528.0,DADRA AND NAGAR HAVELI (UT),SILVASSA,180101
296056,195.0,DADRA AND NAGAR HAVELI (UT),SILVASSA,180101
296057,93.0,DADRA AND NAGAR HAVELI (UT),SILVASSA,180101
296058,105.0,DADRA AND NAGAR HAVELI (UT),SILVASSA,180101
296059,139.0,DADRA AND NAGAR HAVELI (UT),SILVASSA,180101
296060,278.0,DADRA AND NAGAR HAVELI (UT),SILVASSA,180101
296061,212.0,DADRA AND NAGAR HAVELI (UT),SILVASSA,180101
296062,308.0,DADRA AND NAGAR HAVELI (UT),SILVASSA,180101
296063,337.0,DADRA AND NAGAR HAVELI (UT),SILVASSA,180101
296064,60.0,DADRA AND NAGAR HAVELI (UT),SILVASSA,180101
296065,437.0,DADRA AND NAGAR HAVELI (UT),SILVASSA,180101
296066,100.0,DADRA AND NAGAR HAVELI (UT),SILVASSA,180101
296067,499.0,DADRA AND NAGAR HAVELI (UT),SILVASSA,180101
296068,35.0,DADRA AND NAGAR HAVELI (UT),SILVASSA,180101
296069,488.0,DADRA AND NAGAR HAVELI (UT),SILVASSA,180101
296070,479.0,DADRA AND NAGAR HAVELI (UT),SILVASSA,180101
296071,310.0,DADRA AND NAGAR HAVELI (UT),SILVASSA,180101
296072,633.0,DADRA AND NAGAR HAVELI (UT),SILVASSA,180101
296073,417.0,DADRA AND NAGAR HAVELI (UT),SILVASSA,180101
296074,172.0,DADRA AND NAGAR HAVELI (UT),SILVASSA,180101
296075,332.0,DADRA AND NAGAR HAVELI (UT),SILVASSA,180101
296076,565.0,DADRA AND NAGAR HAVELI (UT),SILVASSA,180101
296077,325.0,DADRA AND NAGAR HAVELI (UT),SILVASSA,180101
296078,437.0,DADRA AND NAGAR HAVELI (UT),SILVASSA,180101
296079,374.0,DADRA AND NAGAR HAVELI (UT),SILVASSA,180101
296080,620.0,DADRA AND NAGAR HAVELI (UT),SILVASSA,180101
296081,402.0,DADRA AND NAGAR HAVELI (UT),SILVASSA,180101
296082,46.0,DADRA AND NAGAR HAVELI (UT),SILVASSA,180101
296083,114.0,DADRA AND NAGAR HAVELI (UT),SILVASSA,180101
296084,162.0,DADRA AND NAGAR HAVELI (UT),SILVASSA,180101
296085,225.0,DADRA AND NAGAR HAVELI (UT),SILVASSA,180101
296086,144.0,DADRA AND NAGAR HAVELI (UT),SILVASSA,180101
296087,141.0,DADRA AND NAGAR HAVELI (UT),SILVASSA,180101
296088,123.0,DADRA AND NAGAR HAVELI (UT),SILVASSA,180101
296089,292.0,DADRA AND NAGAR HAVELI (UT),SILVASSA,180101
296090,114.0,DADRA AND NAGAR HAVELI (UT),SILVASSA,180101
296091,462.0,DADRA AND NAGAR HAVELI (UT),SILVASSA,180101
296092,125.0,DADRA AND NAGAR HAVELI (UT),SILVASSA,180101
296093,382.0,DADRA AND NAGAR HAVELI (UT),SILVASSA,180101
296094,49.0,DADRA AND NAGAR HAVELI (UT),SILVASSA,180101
296095,86.0,DADRA AND NAGAR HAVELI (UT),SILVASSA,180101
296096,282.0,DADRA AND NAGAR HAVELI (UT),SILVASSA,180101
296097,51.0,DADRA AND NAGAR HAVELI (UT),SILVASSA,180101
296098,104.0,DADRA AND NAGAR HAVELI (UT),SILVASSA,180101
296099,270.0,DADRA AND NAGAR HAVELI (UT),SILVASSA,180101
296100,340.0,DADRA AND NAGAR HAVELI (UT),SILVASSA,180101
296101,232.0,DADRA AND NAGAR HAVELI (UT),SILVASSA,180101
296102,3.0,DADRA AND NAGAR HAVELI (UT),SILVASSA,180101
296103,371.0,DADRA AND NAGAR HAVELI (UT),SILVASSA,180101
296104,446.0,DADRA AND NAGAR HAVELI (UT),SILVASSA,180101
296105,181.0,DADRA AND NAGAR HAVELI (UT),SILVASSA,180101
296106,146.0,DADRA AND NAGAR HAVELI (UT),SILVASSA,180101
296107,235.0,DADRA AND NAGAR HAVELI (UT),SILVASSA,180101
296108,619.0,DADRA AND NAGAR HAVELI (UT),SILVASSA,180101
296109,99.0,DADRA AND NAGAR HAVELI (UT),SILVASSA,180101
296110,326.0,DADRA AND NAGAR HAVELI (UT),SILVASSA,180101
296111,91.0,DADRA AND NAGAR HAVELI (UT),SILVASSA,180101
296112,124.0,DADRA AND NAGAR HAVELI (UT),SILVASSA,180101
296113,123.0,DADRA AND NAGAR HAVELI (UT),SILVASSA,180101
296114,91.0,DADRA AND NAGAR HAVELI (UT),SILVASSA,180101
296115,458.0,DADRA AND NAGAR HAVELI (UT),SILVASSA,180101
296116,99.0,DADRA AND NAGAR HAVELI (UT),SILVASSA,180101
296117,125.0,DADRA AND NAGAR HAVELI (UT),SILVASSA,180101
296118,512.0,DADRA AND NAGAR HAVELI (UT),SILVASSA,180101
296119,403.0,DADRA AND NAGAR HAVELI (UT),SILVASSA,180101
296120,179.0,DADRA AND NAGAR HAVELI (UT),SILVASSA,180101
296121,206.0,DADRA AND NAGAR HAVELI (UT),SILVASSA,180101
296122,246.0,DADRA AND NAGAR HAVELI (UT),SILVASSA,180101
296123,307.0,DADRA AND NAGAR HAVELI (UT),SILVASSA,180101
296124,248.0,DADRA AND NAGAR HAVELI (UT),SILVASSA,180101
296125,80.0,DADRA AND NAGAR HAVELI (UT),SILVASSA,180101
296126,155.0,DADRA AND NAGAR HAVELI (UT),SILVASSA,180101
296127,70.0,DADRA AND NAGAR HAVELI (UT),SILVASSA,180101
296128,351.0,DADRA AND NAGAR HAVELI (UT),SILVASSA,180101
296129,623.0,DADRA AND NAGAR HAVELI (UT),SILVASSA,180101
296130,384.0,DADRA AND NAGAR HAVELI (UT),SILVASSA,180101
296131,609.0,DADRA AND NAGAR HAVELI (UT),SILVASSA,180101
296132,104.0,DADRA AND NAGAR HAVELI (UT),SILVASSA,180101
296133,202.0,DADRA AND NAGAR HAVELI (UT),SILVASSA,180101
296134,152.0,DADRA AND NAGAR HAVELI (UT),SILVASSA,180101
296135,202.0,DADRA AND NAGAR HAVELI (UT),SILVASSA,180101
296136,203.0,DADRA AND NAGAR HAVELI (UT),SILVASSA,180101
296137,268.0,DADRA AND NAGAR HAVELI (UT),SILVASSA,180101
296138,205.0,DADRA AND NAGAR HAVELI (UT),SILVASSA,180101
296139,264.0,DADRA AND NAGAR HAVELI (UT),SILVASSA,180101
296140,14.0,DADRA AND NAGAR HAVELI (UT),SILVASSA,180101
296141,277.0,DADRA AND NAGAR HAVELI (UT),SILVASSA,180101
296142,231.0,DADRA AND NAGAR HAVELI (UT),SILVASSA,180101
296143,200.0,DADRA AND NAGAR HAVELI (UT),SILVASSA,180101
296144,182.0,DADRA AND NAGAR HAVELI (UT),SILVASSA,180101
296145,263.0,DADRA AND NAGAR HAVELI (UT),SILVASSA,180101
296146,142.0,DADRA AND NAGAR HAVELI (UT),SILVASSA,180101
296147,119.0,DADRA AND NAGAR HAVELI (UT),SILVASSA,180101
296148,167.0,DADRA AND NAGAR HAVELI (UT),SILVASSA,180101
296149,175.0,DADRA AND NAGAR HAVELI (UT),SILVASSA,180101
296150,147.0,DADRA AND NAGAR HAVELI (UT),SILVASSA,180101
296151,364.0,DADRA AND NAGAR HAVELI (UT),SILVASSA,180101
296152,167.0,DADRA AND NAGAR HAVELI (UT),SILVASSA,180101
296153,117.0,DADRA AND NAGAR HAVELI (UT),SILVASSA,180101
296154,81.0,DADRA AND NAGAR HAVELI (UT),SILVASSA,180101
296155,377.0,DADRA AND NAGAR HAVELI (UT),SILVASSA,180101
296156,30.0,DADRA AND NAGAR HAVELI (UT),SILVASSA,180101
296157,304.0,DADRA AND NAGAR HAVELI (UT),SILVASSA,180101
296158,90.0,DADRA AND NAGAR HAVELI (UT),SILVASSA,180101
296159,137.0,DADRA AND NAGAR HAVELI (UT),SILVASSA,180101
296160,592.0,DADRA AND NAGAR HAVELI (UT),SILVASSA,180101
296161,133.0,DADRA AND NAGAR HAVELI (UT),SILVASSA,180101
296162,145.0,DADRA AND NAGAR HAVELI (UT),SILVASSA,180101
296163,48.0,DADRA AND NAGAR HAVELI (UT),SILVASSA,180101
296164,556.0,DADRA AND NAGAR HAVELI (UT),SILVASSA,180101
296165,78.0,DADRA AND NAGAR HAVELI (UT),SILVASSA,180101
296166,8.0,DADRA AND NAGAR HAVELI (UT),SILVASSA,180101
296167,268.0,DADRA AND NAGAR HAVELI (UT),SILVASSA,180101
296168,146.0,DADRA AND NAGAR HAVELI (UT),SILVASSA,180101
296169,110.0,DADRA AND NAGAR HAVELI (UT),SILVASSA,180101
296170,510.0,DADRA AND NAGAR HAVELI (UT),SILVASSA,180101
296171,538.0,DADRA AND NAGAR HAVELI (UT),SILVASSA,180101
296172,173.0,DADRA AND NAGAR HAVELI (UT),SILVASSA,180101
296173,311.0,DADRA AND NAGAR HAVELI (UT),SILVASSA,180101
296174,365.0,DADRA AND NAGAR HAVELI (UT),SILVASSA,180101
296175,443.0,DADRA AND NAGAR HAVELI (UT),SILVASSA,180101
296176,385.0,DADRA AND NAGAR HAVELI (UT),SILVASSA,180101
296177,568.0,DADRA AND NAGAR HAVELI (UT),SILVASSA,180101
296178,203.0,DADRA AND NAGAR HAVELI (UT),SILVASSA,180101
296179,49.0,DADRA AND NAGAR HAVELI (UT),SILVASSA,180101
296180,330.0,DADRA AND NAGAR HAVELI (UT),SILVASSA,180101
296181,160.0,DADRA AND NAGAR HAVELI (UT),SILVASSA,180101
296182,171.0,DADRA AND NAGAR HAVELI (UT),SILVASSA,180101
296183,105.0,DADRA AND NAGAR HAVELI (UT),SILVASSA,180101
296184,267.0,DADRA AND NAGAR HAVELI (UT),SILVASSA,180101
296185,200.0,DADRA AND NAGAR HAVELI (UT),SILVASSA,180101
296186,66.0,DADRA AND NAGAR HAVELI (UT),SILVASSA,180101
296187,466.0,DADRA AND NAGAR HAVELI (UT),SILVASSA,180101
296188,133.0,DADRA AND NAGAR HAVELI (UT),SILVASSA,180101
296189,162.0,DADRA AND NAGAR HAVELI (UT),SILVASSA,180101
296190,351.0,DADRA AND NAGAR HAVELI (UT),SILVASSA,180101
296191,382.0,DADRA AND NAGAR HAVELI (UT),SILVASSA,180101
296192,175.0,DADRA AND NAGAR HAVELI (UT),SILVASSA,180101
296193,194.0,DADRA AND NAGAR HAVELI (UT),SILVASSA,180101
296194,149.0,DADRA AND NAGAR HAVELI (UT),SILVASSA,180101
296195,182.0,DADRA AND NAGAR HAVELI (UT),SILVASSA,180101
296196,433.0,DADRA AND NAGAR HAVELI (UT),SILVASSA,180101
296197,602.0,DADRA AND NAGAR HAVELI (UT),SILVASSA,180101
296198,228.0,DADRA AND NAGAR HAVELI (UT),SILVASSA,180101
296199,201.0,DADRA AND NAGAR HAVELI (UT),SILVASSA,180101
296200,327.0,DADRA AND NAGAR HAVELI (UT),SILVASSA,180101
296201,271.0,DADRA AND NAGAR HAVELI (UT),SILVASSA,180101
296202,208.0,DADRA AND NAGAR HAVELI (UT),SILVASSA,180101
296203,299.0,DADRA AND NAGAR HAVELI (UT),SILVASSA,180101
296204,262.0,DADRA AND NAGAR HAVELI (UT),SILVASSA,180101
296205,49.0,DADRA AND NAGAR HAVELI (UT),SILVASSA,180101
296206,217.0,DADRA AND NAGAR HAVELI (UT),SILVASSA,180101
296207,151.0,DADRA AND NAGAR HAVELI (UT),SILVASSA,180101
296208,276.0,DADRA AND NAGAR HAVELI (UT),SILVASSA,180101
296209,598.0,DADRA AND NAGAR HAVELI (UT),SILVASSA,180101
296210,88.0,DADRA AND NAGAR HAVELI (UT),SILVASSA,180101
296211,115.0,DADRA AND NAGAR HAVELI (UT),SILVASSA,180101
296212,148.0,DADRA AND NAGAR HAVELI (UT),SILVASSA,180101
296213,377.0,DADRA AND NAGAR HAVELI (UT),SILVASSA,180101
296214,42.0,DADRA AND NAGAR HAVELI (UT),SILVASSA,180101
296215,166.0,DADRA AND NAGAR HAVELI (UT),SILVASSA,180101
296216,68.0,DADRA AND NAGAR HAVELI (UT),SILVASSA,180101
296217,232.0,DADRA AND NAGAR HAVELI (UT),SILVASSA,180101
296218,284.0,DADRA AND NAGAR HAVELI (UT),SILVASSA,180101
296219,369.0,DADRA AND NAGAR HAVELI (UT),SILVASSA,180101
296220,193.0,DADRA AND NAGAR HAVELI (UT),SILVASSA,180101
296221,432.0,DADRA AND NAGAR HAVELI (UT),SILVASSA,180101
296222,469.0,DADRA AND NAGAR HAVELI (UT),SILVASSA,180101
296223,149.0,DADRA AND NAGAR HAVELI (UT),SILVASSA,180101
296224,63.0,DADRA AND NAGAR HAVELI (UT),SILVASSA,180101
296225,482.0,DADRA AND NAGAR HAVELI (UT),SILVASSA,180101
296226,243.0,DADRA AND NAGAR HAVELI (UT),SILVASSA,180101
296227,19.0,DADRA AND NAGAR HAVELI (UT),SILVASSA,180101
296228,58.0,DADRA AND NAGAR HAVELI (UT),SILVASSA,180101
296229,63.0,DADRA AND NAGAR HAVELI (UT),SILVASSA,180101
296230,263.0,DADRA AND NAGAR HAVELI (UT),SILVASSA,180101
296231,369.0,DADRA AND NAGAR HAVELI (UT),SILVASSA,180101
296232,204.0,DADRA AND NAGAR HAVELI (UT),SILVASSA,180101
296233,52.0,DADRA AND NAGAR HAVELI (UT),SILVASSA,180101
296234,126.0,DADRA AND NAGAR HAVELI (UT),SILVASSA,180101
296235,381.0,DADRA AND NAGAR HAVELI (UT),SILVASSA,180101
296236,206.0,DADRA AND NAGAR HAVELI (UT),SILVASSA,180101
296237,335.0,DADRA AND NAGAR HAVELI (UT),SILVASSA,180101
296238,109.0,DADRA AND NAGAR HAVELI (UT),SILVASSA,180101
296239,284.0,DADRA AND NAGAR HAVELI (UT),SILVASSA,180101
296240,65.0,DADRA AND NAGAR HAVELI (UT),SILVASSA,180101
296241,129.0,DADRA AND NAGAR HAVELI (UT),SILVASSA,180101
296242,180.0,DADRA AND NAGAR HAVELI (UT),SILVASSA,180101
296243,68.0,DADRA AND NAGAR HAVELI (UT),SILVASSA,180101
296244,66.0,DADRA AND NAGAR HAVELI (UT),SILVASSA,180101
296245,186.0,DADRA AND NAGAR HAVELI (UT),SILVASSA,180101
296246,220.0,DADRA AND NAGAR HAVELI (UT),SILVASSA,180101
296247,75.0,DADRA AND NAGAR HAVELI (UT),SILVASSA,180101
296248,335.0,DADRA AND NAGAR HAVELI (UT),SILVASSA,180101
296249,256.0,DADRA AND NAGAR HAVELI (UT),SILVASSA,180101
296250,60.0,DADRA AND NAGAR HAVELI (UT),SILVASSA,180101
296251,124.0,DADRA AND NAGAR HAVELI (UT),SILVASSA,180101
296252,625.0,DADRA AND NAGAR HAVELI (UT),SILVASSA,180101
296253,183.0,DADRA AND NAGAR HAVELI (UT),SILVASSA,180101
296254,213.0,DADRA AND NAGAR HAVELI (UT),SILVASSA,180101
296255,114.0,DADRA AND NAGAR HAVELI (UT),SILVASSA,180101
296256,118.0,DADRA AND NAGAR HAVELI (UT),SILVASSA,180101
296257,128.0,DADRA AND NAGAR HAVELI (UT),SILVASSA,180101
296258,199.0,DADRA AND NAGAR HAVELI (UT),SILVASSA,180101
296259,288.0,DADRA AND NAGAR HAVELI (UT),SILVASSA,180101
296260,51.0,DADRA AND NAGAR HAVELI (UT),SILVASSA,180101
296261,150.0,DADRA AND NAGAR HAVELI (UT),SILVASSA,180101
296262,186.0,DADRA AND NAGAR HAVELI (UT),SILVASSA,180101
296263,233.0,DADRA AND NAGAR HAVELI (UT),SILVASSA,180101
296264,265.0,DADRA AND NAGAR HAVELI (UT),SILVASSA,180101
296265,346.0,DADRA AND NAGAR HAVELI (UT),SILVASSA,180101
296266,60.0,DADRA AND NAGAR HAVELI (UT),SILVASSA,180101
296267,123.0,DADRA AND NAGAR HAVELI (UT),SILVASSA,180101
296268,210.0,DADRA AND NAGAR HAVELI (UT),SILVASSA,180101
296269,272.0,DADRA AND NAGAR HAVELI (UT),SILVASSA,180101
296270,474.0,DADRA AND NAGAR HAVELI (UT),SILVASSA,180101
296271,150.0,DADRA AND NAGAR HAVELI (UT),SILVASSA,180101
296272,306.0,DADRA AND NAGAR HAVELI (UT),SILVASSA,180101
296273,144.0,DADRA AND NAGAR HAVELI (UT),SILVASSA,180101
296274,60.0,DADRA AND NAGAR HAVELI (UT),SILVASSA,180101
296275,36.0,DADRA AND NAGAR HAVELI (UT),SILVASSA,180101
296276,283.0,DADRA AND NAGAR HAVELI (UT),SILVASSA,180101
296277,68.0,DADRA AND NAGAR HAVELI (UT),SILVASSA,180101
296278,229.0,DADRA AND NAGAR HAVELI (UT),SILVASSA,180101
296279,643.0,DADRA AND NAGAR HAVELI (UT),SILVASSA,180101
296280,40.0,DADRA AND NAGAR HAVELI (UT),SILVASSA,180101
296281,65.0,DADRA AND NAGAR HAVELI (UT),SILVASSA,180101
296282,225.0,DADRA AND NAGAR HAVELI (UT),SILVASSA,180101
296283,157.0,DADRA AND NAGAR HAVELI (UT),SILVASSA,180101
296284,67.0,DADRA AND NAGAR HAVELI (UT),SILVASSA,180101
296285,419.0,DADRA AND NAGAR HAVELI (UT),SILVASSA,180101
296286,578.0,DADRA AND NAGAR HAVELI (UT),SILVASSA,180101
296287,228.0,DADRA AND NAGAR HAVELI (UT),SILVASSA,180101
296288,562.0,DADRA AND NAGAR HAVELI (UT),SILVASSA,180101
296289,170.0,DADRA AND NAGAR HAVELI (UT),SILVASSA,180101
296290,139.0,DADRA AND NAGAR HAVELI (UT),SILVASSA,180101
296291,343.0,DADRA AND NAGAR HAVELI (UT),SILVASSA,180101
296292,563.0,DADRA AND NAGAR HAVELI (UT),SILVASSA,180101
296293,411.0,DADRA AND NAGAR HAVELI (UT),SILVASSA,180101
296294,99.0,DADRA AND NAGAR HAVELI (UT),SILVASSA,180101
296295,226.0,DADRA AND NAGAR HAVELI (UT),SILVASSA,180101
296296,70.0,DADRA AND NAGAR HAVELI (UT),SILVASSA,180101
296297,89.0,DADRA AND NAGAR HAVELI (UT),SILVASSA,180101
296298,135.0,DADRA AND NAGAR HAVELI (UT),SILVASSA,180101
296299,238.0,DADRA AND NAGAR HAVELI (UT),SILVASSA,180101
296300,283.0,DADRA AND NAGAR HAVELI (UT),SILVASSA,180101
296301,58.0,DADRA AND NAGAR HAVELI (UT),SILVASSA,180101
296302,171.0,DADRA AND NAGAR HAVELI (UT),SILVASSA,180101
296303,258.0,DADRA AND NAGAR HAVELI (UT),SILVASSA,180101
296304,307.0,DADRA AND NAGAR HAVELI (UT),SILVASSA,180101
296305,138.0,DADRA AND NAGAR HAVELI (UT),SILVASSA,180101
296306,59.0,DADRA AND NAGAR HAVELI (UT),SILVASSA,180101
296307,170.0,DADRA AND NAGAR HAVELI (UT),SILVASSA,180101
296308,457.0,DADRA AND NAGAR HAVELI (UT),SILVASSA,180101
296309,224.0,DADRA AND NAGAR HAVELI (UT),SILVASSA,180101
296310,107.0,DADRA AND NAGAR HAVELI (UT),SILVASSA,180101
296311,585.0,DADRA AND NAGAR HAVELI (UT),SILVASSA,180101
296312,118.0,DADRA AND NAGAR HAVELI (UT),SILVASSA,180101
296313,125.0,DADRA AND NAGAR HAVELI (UT),SILVASSA,180101
296314,418.0,DADRA AND NAGAR HAVELI (UT),SILVASSA,180101
296315,53.0,DADRA AND NAGAR HAVELI (UT),SILVASSA,180101
296316,170.0,DADRA AND NAGAR HAVELI (UT),SILVASSA,180101
296317,248.0,DADRA AND NAGAR HAVELI (UT),SILVASSA,180101
296318,680.0,DADRA AND NAGAR HAVELI (UT),SILVASSA,180101
296319,488.0,DADRA AND NAGAR HAVELI (UT),SILVASSA,180102
296320,77.0,DADRA AND NAGAR HAVELI (UT),SILVASSA,180102
296321,238.0,DADRA AND NAGAR HAVELI (UT),SILVASSA,180102
296322,329.0,DADRA AND NAGAR HAVELI (UT),SILVASSA,180102
296323,303.0,DADRA AND NAGAR HAVELI (UT),SILVASSA,180102
296324,54.0,DADRA AND NAGAR HAVELI (UT),SILVASSA,180102
296325,230.0,DADRA AND NAGAR HAVELI (UT),SILVASSA,180102
296326,408.0,DADRA AND NAGAR HAVELI (UT),SILVASSA,180102
296327,257.0,DADRA AND NAGAR HAVELI (UT),SILVASSA,180102
296328,308.0,DADRA AND NAGAR HAVELI (UT),SILVASSA,180102
296329,278.0,DADRA AND NAGAR HAVELI (UT),SILVASSA,180102
296330,363.0,DADRA AND NAGAR HAVELI (UT),SILVASSA,180102
296331,437.0,DADRA AND NAGAR HAVELI (UT),SILVASSA,180102
296332,130.0,DADRA AND NAGAR HAVELI (UT),SILVASSA,180102
296333,72.0,DADRA AND NAGAR HAVELI (UT),SILVASSA,180102
296334,246.0,DADRA AND NAGAR HAVELI (UT),SILVASSA,180102
296335,123.0,DADRA AND NAGAR HAVELI (UT),SILVASSA,180102
296336,340.0,DADRA AND NAGAR HAVELI (UT),SILVASSA,180102
296337,380.0,DADRA AND NAGAR HAVELI (UT),SILVASSA,180102
296338,403.0,DADRA AND NAGAR HAVELI (UT),SILVASSA,180102
296339,116.0,DADRA AND NAGAR HAVELI (UT),SILVASSA,180102
296340,74.0,DADRA AND NAGAR HAVELI (UT),SILVASSA,180102
296341,319.0,DADRA AND NAGAR HAVELI (UT),SILVASSA,180102
296342,474.0,DADRA AND NAGAR HAVELI (UT),SILVASSA,180102
296343,385.0,DADRA AND NAGAR HAVELI (UT),SILVASSA,180102
296344,114.0,DADRA AND NAGAR HAVELI (UT),SILVASSA,180102
296345,131.0,DADRA AND NAGAR HAVELI (UT),SILVASSA,180102
296346,372.0,DADRA AND NAGAR HAVELI (UT),SILVASSA,180102
296347,85.0,DADRA AND NAGAR HAVELI (UT),SILVASSA,180102
296348,275.0,DADRA AND NAGAR HAVELI (UT),SILVASSA,180102
296349,402.0,DADRA AND NAGAR HAVELI (UT),SILVASSA,180102
296350,39.0,DADRA AND NAGAR HAVELI (UT),SILVASSA,180102
296351,112.0,DADRA AND NAGAR HAVELI (UT),SILVASSA,180102
296352,403.0,DADRA AND NAGAR HAVELI (UT),SILVASSA,180102
296353,204.0,DADRA AND NAGAR HAVELI (UT),SILVASSA,180102
296354,482.0,DADRA AND NAGAR HAVELI (UT),SILVASSA,180102
296355,627.0,DADRA AND NAGAR HAVELI (UT),SILVASSA,180102
296356,45.0,DADRA AND NAGAR HAVELI (UT),SILVASSA,180102
296357,173.0,DADRA AND NAGAR HAVELI (UT),SILVASSA,180102
296358,215.0,DADRA AND NAGAR HAVELI (UT),SILVASSA,180102
296359,114.0,DADRA AND NAGAR HAVELI (UT),SILVASSA,180102
296360,183.0,DADRA AND NAGAR HAVELI (UT),SILVASSA,180102
296361,397.0,DADRA AND NAGAR HAVELI (UT),SILVASSA,180102
296362,85.0,DADRA AND NAGAR HAVELI (UT),SILVASSA,180102
296363,38.0,DADRA AND NAGAR HAVELI (UT),SILVASSA,180102
296364,60.0,DADRA AND NAGAR HAVELI (UT),SILVASSA,180102
296365,149.0,DADRA AND NAGAR HAVELI (UT),SILVASSA,180102
296366,371.0,DADRA AND NAGAR HAVELI (UT),SILVASSA,180102
296367,425.0,DADRA AND NAGAR HAVELI (UT),SILVASSA,180102
296368,103.0,DADRA AND NAGAR HAVELI (UT),SILVASSA,180102
296369,485.0,DADRA AND NAGAR HAVELI (UT),SILVASSA,180102
296370,240.0,DADRA AND NAGAR HAVELI (UT),SILVASSA,180102
296371,90.0,DADRA AND NAGAR HAVELI (UT),SILVASSA,180102
296372,124.0,DADRA AND NAGAR HAVELI (UT),SILVASSA,180102
296373,482.0,DADRA AND NAGAR HAVELI (UT),SILVASSA,180102
296374,557.0,DADRA AND NAGAR HAVELI (UT),SILVASSA,180102
296375,432.0,DADRA AND NAGAR HAVELI (UT),SILVASSA,180102
296376,58.0,DADRA AND NAGAR HAVELI (UT),SILVASSA,180102
296377,499.0,DADRA AND NAGAR HAVELI (UT),SILVASSA,180102
296378,233.0,DADRA AND NAGAR HAVELI (UT),SILVASSA,180102
296379,238.0,DADRA AND NAGAR HAVELI (UT),SILVASSA,180102
296380,78.0,DADRA AND NAGAR HAVELI (UT),SILVASSA,180102
296381,386.0,DADRA AND NAGAR HAVELI (UT),SILVASSA,180102
296382,94.0,DADRA AND NAGAR HAVELI (UT),SILVASSA,180102
296383,226.0,DADRA AND NAGAR HAVELI (UT),SILVASSA,180102
296384,124.0,DADRA AND NAGAR HAVELI (UT),SILVASSA,180102
296385,348.0,DADRA AND NAGAR HAVELI (UT),SILVASSA,180102
296386,298.0,DADRA AND NAGAR HAVELI (UT),SILVASSA,180102
296387,72.0,DADRA AND NAGAR HAVELI (UT),SILVASSA,180102
296388,185.0,DADRA AND NAGAR HAVELI (UT),SILVASSA,180102
296389,79.0,DADRA AND NAGAR HAVELI (UT),SILVASSA,180102
296390,316.0,DADRA AND NAGAR HAVELI (UT),SILVASSA,180102
296391,73.0,DADRA AND NAGAR HAVELI (UT),SILVASSA,180102
296392,134.0,DADRA AND NAGAR HAVELI (UT),SILVASSA,180102
296393,180.0,DADRA AND NAGAR HAVELI (UT),SILVASSA,180102
296394,71.0,DADRA AND NAGAR HAVELI (UT),SILVASSA,180102
296395,546.0,DADRA AND NAGAR HAVELI (UT),SILVASSA,180102
296396,55.0,DADRA AND NAGAR HAVELI (UT),SILVASSA,180102
296397,134.0,DADRA AND NAGAR HAVELI (UT),SILVASSA,180102
296398,104.0,DADRA AND NAGAR HAVELI (UT),SILVASSA,180102
296399,44.0,DADRA AND NAGAR HAVELI (UT),SILVASSA,180102
296400,293.0,DADRA AND NAGAR HAVELI (UT),SILVASSA,180102
296401,552.0,DADRA AND NAGAR HAVELI (UT),SILVASSA,180102
296402,389.0,DADRA AND NAGAR HAVELI (UT),SILVASSA,180102
296403,139.0,DADRA AND NAGAR HAVELI (UT),SILVASSA,180102
296404,114.0,DADRA AND NAGAR HAVELI (UT),SILVASSA,180102
296405,604.0,DADRA AND NAGAR HAVELI (UT),SILVASSA,180102
296406,296.0,DADRA AND NAGAR HAVELI (UT),SILVASSA,180102
296407,471.0,DADRA AND NAGAR HAVELI (UT),SILVASSA,180102
296408,121.0,DADRA AND NAGAR HAVELI (UT),SILVASSA,180102
296409,245.0,DADRA AND NAGAR HAVELI (UT),SILVASSA,180102
296410,335.0,DADRA AND NAGAR HAVELI (UT),SILVASSA,180102
296411,214.0,DADRA AND NAGAR HAVELI (UT),SILVASSA,180102
296412,52.0,DADRA AND NAGAR HAVELI (UT),SILVASSA,180102
296413,115.0,DADRA AND NAGAR HAVELI (UT),SILVASSA,180102
296414,326.0,DADRA AND NAGAR HAVELI (UT),SILVASSA,180102
296415,58.0,DADRA AND NAGAR HAVELI (UT),SILVASSA,180102
296416,318.0,DADRA AND NAGAR HAVELI (UT),SILVASSA,180102
296417,62.0,DADRA AND NAGAR HAVELI (UT),SILVASSA,180102
296418,268.0,DADRA AND NAGAR HAVELI (UT),SILVASSA,180102
296419,316.0,DADRA AND NAGAR HAVELI (UT),SILVASSA,180102
296420,99.0,DADRA AND NAGAR HAVELI (UT),SILVASSA,180102
296421,0.0,DADRA AND NAGAR HAVELI (UT),SILVASSA,180102
296422,109.0,DADRA AND NAGAR HAVELI (UT),SILVASSA,180102
296423,399.0,DADRA AND NAGAR HAVELI (UT),SILVASSA,180102
296424,379.0,DADRA AND NAGAR HAVELI (UT),SILVASSA,180102
296425,200.0,DADRA AND NAGAR HAVELI (UT),SILVASSA,180102
296426,119.0,DADRA AND NAGAR HAVELI (UT),SILVASSA,180102
296427,336.0,DADRA AND NAGAR HAVELI (UT),SILVASSA,180102
296428,577.0,DADRA AND NAGAR HAVELI (UT),SILVASSA,180102
296429,317.0,DADRA AND NAGAR HAVELI (UT),SILVASSA,180102
296430,145.0,DADRA AND NAGAR HAVELI (UT),SILVASSA,180102
296431,96.0,DADRA AND NAGAR HAVELI (UT),SILVASSA,180102
296432,306.0,DADRA AND NAGAR HAVELI (UT),SILVASSA,180102
296433,440.0,DADRA AND NAGAR HAVELI (UT),SILVASSA,180102
296434,295.0,DADRA AND NAGAR HAVELI (UT),SILVASSA,180102
296435,407.0,DADRA AND NAGAR HAVELI (UT),SILVASSA,180102
296436,130.0,DADRA AND NAGAR HAVELI (UT),SILVASSA,180102
296437,87.0,DADRA AND NAGAR HAVELI (UT),SILVASSA,180102
296438,204.0,DADRA AND NAGAR HAVELI (UT),SILVASSA,180102
296439,234.0,DADRA AND NAGAR HAVELI (UT),SILVASSA,180102
296440,487.0,DADRA AND NAGAR HAVELI (UT),SILVASSA,180102
296441,306.0,DADRA AND NAGAR HAVELI (UT),SILVASSA,180102
296442,183.0,DADRA AND NAGAR HAVELI (UT),SILVASSA,180102
296443,11.0,DADRA AND NAGAR HAVELI (UT),SILVASSA,180102
296444,194.0,DADRA AND NAGAR HAVELI (UT),SILVASSA,180102
296445,138.0,DADRA AND NAGAR HAVELI (UT),SILVASSA,180102
296446,255.0,DADRA AND NAGAR HAVELI (UT),SILVASSA,180102
296447,493.0,DADRA AND NAGAR HAVELI (UT),SILVASSA,180102
296448,154.0,DADRA AND NAGAR HAVELI (UT),SILVASSA,180102
296449,252.0,DADRA AND NAGAR HAVELI (UT),SILVASSA,180102
296450,386.0,DADRA AND NAGAR HAVELI (UT),SILVASSA,180102
296451,42.0,DADRA AND NAGAR HAVELI (UT),SILVASSA,180102
296452,155.0,DADRA AND NAGAR HAVELI (UT),SILVASSA,180102
296453,266.0,DADRA AND NAGAR HAVELI (UT),SILVASSA,180102
296454,32.0,DADRA AND NAGAR HAVELI (UT),SILVASSA,180102
296455,188.0,DADRA AND NAGAR HAVELI (UT),SILVASSA,180102
296456,88.0,DADRA AND NAGAR HAVELI (UT),SILVASSA,180102
296457,244.0,DADRA AND NAGAR HAVELI (UT),SILVASSA,180102
296458,223.0,DADRA AND NAGAR HAVELI (UT),SILVASSA,180102
296459,221.0,DADRA AND NAGAR HAVELI (UT),SILVASSA,180102
296460,264.0,DADRA AND NAGAR HAVELI (UT),SILVASSA,180102
296461,217.0,DADRA AND NAGAR HAVELI (UT),SILVASSA,180102
296462,124.0,DADRA AND NAGAR HAVELI (UT),SILVASSA,180102
296463,220.0,DADRA AND NAGAR HAVELI (UT),SILVASSA,180102
296464,481.0,DADRA AND NAGAR HAVELI (UT),SILVASSA,180102
296465,228.0,DADRA AND NAGAR HAVELI (UT),SILVASSA,180102
296466,428.0,DADRA AND NAGAR HAVELI (UT),SILVASSA,180102
296467,480.0,DADRA AND NAGAR HAVELI (UT),SILVASSA,180102
296468,168.0,DADRA AND NAGAR HAVELI (UT),SILVASSA,180102
296469,395.0,DADRA AND NAGAR HAVELI (UT),SILVASSA,180102
296470,281.0,DADRA AND NAGAR HAVELI (UT),SILVASSA,180102
296471,507.0,DADRA AND NAGAR HAVELI (UT),SILVASSA,180102
296472,393.0,DADRA AND NAGAR HAVELI (UT),SILVASSA,180102
296473,469.0,DADRA AND NAGAR HAVELI (UT),SILVASSA,180102
296474,217.0,DADRA AND NAGAR HAVELI (UT),SILVASSA,180102
296475,93.0,DADRA AND NAGAR HAVELI (UT),SILVASSA,180102
296476,72.0,DADRA AND NAGAR HAVELI (UT),SILVASSA,180102
296477,431.0,DADRA AND NAGAR HAVELI (UT),SILVASSA,180102
296478,485.0,DADRA AND NAGAR HAVELI (UT),SILVASSA,180102
296479,458.0,DADRA AND NAGAR HAVELI (UT),SILVASSA,180102
296480,170.0,DADRA AND NAGAR HAVELI (UT),SILVASSA,180102
296481,167.0,DADRA AND NAGAR HAVELI (UT),SILVASSA,180102
296482,254.0,DADRA AND NAGAR HAVELI (UT),SILVASSA,180102
296483,132.0,DADRA AND NAGAR HAVELI (UT),SILVASSA,180102
296484,122.0,DADRA AND NAGAR HAVELI (UT),SILVASSA,180102
296485,484.0,DADRA AND NAGAR HAVELI (UT),SILVASSA,180102
296486,89.0,DADRA AND NAGAR HAVELI (UT),SILVASSA,180102
296487,297.0,DADRA AND NAGAR HAVELI (UT),SILVASSA,180102
296488,177.0,DADRA AND NAGAR HAVELI (UT),SILVASSA,180102
296489,486.0,DADRA AND NAGAR HAVELI (UT),SILVASSA,180102
296490,156.0,DADRA AND NAGAR HAVELI (UT),SILVASSA,180102
296491,60.0,DADRA AND NAGAR HAVELI (UT),SILVASSA,180102
296492,86.0,DADRA AND NAGAR HAVELI (UT),SILVASSA,180102
296493,245.0,DADRA AND NAGAR HAVELI (UT),SILVASSA,180102
296494,130.0,DADRA AND NAGAR HAVELI (UT),SILVASSA,180102
296495,46.0,DADRA AND NAGAR HAVELI (UT),SILVASSA,180102
296496,163.0,DADRA AND NAGAR HAVELI (UT),SILVASSA,180102
296497,142.0,DADRA AND NAGAR HAVELI (UT),SILVASSA,180102
296498,216.0,DADRA AND NAGAR HAVELI (UT),SILVASSA,180102
296499,10.0,DADRA AND NAGAR HAVELI (UT),SILVASSA,180102
296500,160.0,DADRA AND NAGAR HAVELI (UT),SILVASSA,180102
296501,5.0,DADRA AND NAGAR HAVELI (UT),SILVASSA,180102
296502,285.0,DADRA AND NAGAR HAVELI (UT),SILVASSA,180102
296503,78.0,DADRA AND NAGAR HAVELI (UT),SILVASSA,180102
296504,108.0,DADRA AND NAGAR HAVELI (UT),SILVASSA,180102
296505,195.0,DADRA AND NAGAR HAVELI (UT),SILVASSA,180102
296506,95.0,DADRA AND NAGAR HAVELI (UT),SILVASSA,180102
296507,211.0,DADRA AND NAGAR HAVELI (UT),SILVASSA,180102
296508,214.0,DADRA AND NAGAR HAVELI (UT),SILVASSA,180102
296509,133.0,DADRA AND NAGAR HAVELI (UT),SILVASSA,180102
296510,169.0,DADRA AND NAGAR HAVELI (UT),SILVASSA,180102
296511,274.0,DADRA AND NAGAR HAVELI (UT),SILVASSA,180102
296512,180.0,DADRA AND NAGAR HAVELI (UT),SILVASSA,180102
296513,188.0,DADRA AND NAGAR HAVELI (UT),SILVASSA,180102
296514,233.0,DADRA AND NAGAR HAVELI (UT),SILVASSA,180102
296515,120.0,DADRA AND NAGAR HAVELI (UT),SILVASSA,180102
296516,231.0,DADRA AND NAGAR HAVELI (UT),SILVASSA,180102
296517,126.0,DADRA AND NAGAR HAVELI (UT),SILVASSA,180102
296518,260.0,DADRA AND NAGAR HAVELI (UT),SILVASSA,180102
296519,283.0,DADRA AND NAGAR HAVELI (UT),SILVASSA,180102
296520,332.0,DADRA AND NAGAR HAVELI (UT),SILVASSA,180102
296521,111.0,DADRA AND NAGAR HAVELI (UT),SILVASSA,180102
296522,152.0,DADRA AND NAGAR HAVELI (UT),SILVASSA,180102
296523,392.0,DADRA AND NAGAR HAVELI (UT),SILVASSA,180102
296524,207.0,DADRA AND NAGAR HAVELI (UT),SILVASSA,180102
296525,52.0,DADRA AND NAGAR HAVELI (UT),SILVASSA,180102
296526,498.0,DADRA AND NAGAR HAVELI (UT),SILVASSA,180102
296527,79.0,DADRA AND NAGAR HAVELI (UT),SILVASSA,180102
296528,243.0,DADRA AND NAGAR HAVELI (UT),SILVASSA,180102
296529,153.0,DADRA AND NAGAR HAVELI (UT),SILVASSA,180102
296530,157.0,DADRA AND NAGAR HAVELI (UT),SILVASSA,180102
296531,101.0,DADRA AND NAGAR HAVELI (UT),SILVASSA,180102
296532,138.0,DADRA AND NAGAR HAVELI (UT),SILVASSA,180102
296533,49.0,DADRA AND NAGAR HAVELI (UT),SILVASSA,180102
296534,208.0,DADRA AND NAGAR HAVELI (UT),SILVASSA,180102
296535,547.0,DADRA AND NAGAR HAVELI (UT),SILVASSA,180102
296536,113.0,DADRA AND NAGAR HAVELI (UT),SILVASSA,180102
296537,89.0,DADRA AND NAGAR HAVELI (UT),SILVASSA,180102
296538,427.0,DADRA AND NAGAR HAVELI (UT),SILVASSA,180102
296539,298.0,DADRA AND NAGAR HAVELI (UT),SILVASSA,180102
296540,35.0,DADRA AND NAGAR HAVELI (UT),SILVASSA,180102
296541,315.0,DADRA AND NAGAR HAVELI (UT),SILVASSA,180102
296542,204.0,DADRA AND NAGAR HAVELI (UT),SILVASSA,180102
296543,383.0,DADRA AND NAGAR HAVELI (UT),SILVASSA,180102
296544,202.0,DADRA AND NAGAR HAVELI (UT),SILVASSA,180102
296545,381.0,DADRA AND NAGAR HAVELI (UT),SILVASSA,180102
296546,692.0,DADRA AND NAGAR HAVELI (UT),SILVASSA,180102
296547,148.0,DADRA AND NAGAR HAVELI (UT),SILVASSA,180102
296548,278.0,DADRA AND NAGAR HAVELI (UT),SILVASSA,180102
296549,205.0,DADRA AND NAGAR HAVELI (UT),SILVASSA,180102
296550,401.0,DADRA AND NAGAR HAVELI (UT),SILVASSA,180102
296551,287.0,DADRA AND NAGAR HAVELI (UT),SILVASSA,180102
296552,260.0,DADRA AND NAGAR HAVELI (UT),SILVASSA,180102
296553,185.0,DADRA AND NAGAR HAVELI (UT),SILVASSA,180102
296554,233.0,DADRA AND NAGAR HAVELI (UT),SILVASSA,180102
296555,352.0,DADRA AND NAGAR HAVELI (UT),SILVASSA,180102
296556,76.0,DADRA AND NAGAR HAVELI (UT),SILVASSA,180102
296557,139.0,DADRA AND NAGAR HAVELI (UT),SILVASSA,180102
296558,135.0,DADRA AND NAGAR HAVELI (UT),SILVASSA,180102
296559,70.0,DADRA AND NAGAR HAVELI (UT),SILVASSA,180102
296560,294.0,DADRA AND NAGAR HAVELI (UT),SILVASSA,180102
296561,171.0,DADRA AND NAGAR HAVELI (UT),SILVASSA,180102
296562,182.0,DADRA AND NAGAR HAVELI (UT),SILVASSA,180102
296563,605.0,DADRA AND NAGAR HAVELI (UT),SILVASSA,180102
296564,427.0,DADRA AND NAGAR HAVELI (UT),SILVASSA,180102
296565,82.0,DADRA AND NAGAR HAVELI (UT),SILVASSA,180102
296566,62.0,DADRA AND NAGAR HAVELI (UT),SILVASSA,180102
296567,522.0,DADRA AND NAGAR HAVELI (UT),SILVASSA,180102
296568,95.0,DADRA AND NAGAR HAVELI (UT),SILVASSA,180102
296569,88.0,DADRA AND NAGAR HAVELI (UT),SILVASSA,180102
296570,382.0,DADRA AND NAGAR HAVELI (UT),SILVASSA,180102
296571,115.0,DADRA AND NAGAR HAVELI (UT),SILVASSA,180102
296572,207.0,DADRA AND NAGAR HAVELI (UT),SILVASSA,180102
296573,366.0,DADRA AND NAGAR HAVELI (UT),SILVASSA,180102
296574,31.0,DADRA AND NAGAR HAVELI (UT),SILVASSA,180102
296575,82.0,DADRA AND NAGAR HAVELI (UT),SILVASSA,180102
296576,27.0,DADRA AND NAGAR HAVELI (UT),SILVASSA,180102
296577,65.0,DADRA AND NAGAR HAVELI (UT),SILVASSA,180102
296578,111.0,DADRA AND NAGAR HAVELI (UT),SILVASSA,180102
296579,527.0,DADRA AND NAGAR HAVELI (UT),SILVASSA,180102
296580,334.0,DADRA AND NAGAR HAVELI (UT),SILVASSA,180102
296581,387.0,DADRA AND NAGAR HAVELI (UT),SILVASSA,180102
296582,316.0,DADRA AND NAGAR HAVELI (UT),SILVASSA,180102
296583,88.0,DADRA AND NAGAR HAVELI (UT),SILVASSA,180102
296584,129.0,DADRA AND NAGAR HAVELI (UT),SILVASSA,180102
296585,191.0,DADRA AND NAGAR HAVELI (UT),SILVASSA,180102
296586,166.0,DADRA AND NAGAR HAVELI (UT),SILVASSA,180102
296587,163.0,DADRA AND NAGAR HAVELI (UT),SILVASSA,180102
296588,140.0,DADRA AND NAGAR HAVELI (UT),SILVASSA,180102
296589,50.0,DADRA AND NAGAR HAVELI (UT),SILVASSA,180102
296590,277.0,DADRA AND NAGAR HAVELI (UT),SILVASSA,180102
296591,225.0,DADRA AND NAGAR HAVELI (UT),SILVASSA,180102
296592,125.0,DADRA AND NAGAR HAVELI (UT),SILVASSA,180102
296593,295.0,DADRA AND NAGAR HAVELI (UT),SILVASSA,180102
296594,259.0,DADRA AND NAGAR HAVELI (UT),SILVASSA,180102
296595,296.0,DADRA AND NAGAR HAVELI (UT),SILVASSA,180102
296596,52.0,DADRA AND NAGAR HAVELI (UT),SILVASSA,180102
296597,180.0,DADRA AND NAGAR HAVELI (UT),SILVASSA,180102
296598,55.0,DADRA AND NAGAR HAVELI (UT),SILVASSA,180102
296599,568.0,DADRA AND NAGAR HAVELI (UT),SILVASSA,180102
296600,146.0,DADRA AND NAGAR HAVELI (UT),SILVASSA,180102
296601,69.0,DADRA AND NAGAR HAVELI (UT),SILVASSA,180102
296602,120.0,DADRA AND NAGAR HAVELI (UT),SILVASSA,180102
296603,366.0,DADRA AND NAGAR HAVELI (UT),SILVASSA,180102
296604,223.0,DADRA AND NAGAR HAVELI (UT),SILVASSA,180102
296605,159.0,DADRA AND NAGAR HAVELI (UT),SILVASSA,180102
296606,82.0,DADRA AND NAGAR HAVELI (UT),SILVASSA,180102
296607,34.0,DADRA AND NAGAR HAVELI (UT),SILVASSA,180102
296608,150.0,DADRA AND NAGAR HAVELI (UT),SILVASSA,180102
296609,487.0,DADRA AND NAGAR HAVELI (UT),SILVASSA,180102
296610,242.0,DADRA AND NAGAR HAVELI (UT),SILVASSA,180102
296611,372.0,DADRA AND NAGAR HAVELI (UT),SILVASSA,180102
296612,235.0,DADRA AND NAGAR HAVELI (UT),SILVASSA,180102
296613,382.0,DADRA AND NAGAR HAVELI (UT),SILVASSA,180102
296614,269.0,DADRA AND NAGAR HAVELI (UT),SILVASSA,180102
296615,158.0,DADRA AND NAGAR HAVELI (UT),SILVASSA,180102
296616,142.0,DADRA AND NAGAR HAVELI (UT),SILVASSA,180102
296617,82.0,DADRA AND NAGAR HAVELI (UT),SILVASSA,180102
296618,201.0,DADRA AND NAGAR HAVELI (UT),SILVASSA,180102
296619,161.0,DADRA AND NAGAR HAVELI (UT),SILVASSA,180103
296620,311.0,DADRA AND NAGAR HAVELI (UT),SILVASSA,180103
296621,154.0,DADRA AND NAGAR HAVELI (UT),SILVASSA,180103
296622,691.0,DADRA AND NAGAR HAVELI (UT),SILVASSA,180103
296623,158.0,DADRA AND NAGAR HAVELI (UT),SILVASSA,180103
296624,55.0,DADRA AND NAGAR HAVELI (UT),SILVASSA,180103
296625,262.0,DADRA AND NAGAR HAVELI (UT),SILVASSA,180103
296626,120.0,DADRA AND NAGAR HAVELI (UT),SILVASSA,180103
296627,70.0,DADRA AND NAGAR HAVELI (UT),SILVASSA,180103
296628,168.0,DADRA AND NAGAR HAVELI (UT),SILVASSA,180103
296629,314.0,DADRA AND NAGAR HAVELI (UT),SILVASSA,180103
296630,221.0,DADRA AND NAGAR HAVELI (UT),SILVASSA,180103
296631,48.0,DADRA AND NAGAR HAVELI (UT),SILVASSA,180103
296632,223.0,DADRA AND NAGAR HAVELI (UT),SILVASSA,180103
296633,200.0,DADRA AND NAGAR HAVELI (UT),SILVASSA,180103
296634,186.0,DADRA AND NAGAR HAVELI (UT),SILVASSA,180103
296635,264.0,DADRA AND NAGAR HAVELI (UT),SILVASSA,180103
296636,142.0,DADRA AND NAGAR HAVELI (UT),SILVASSA,180103
296637,70.0,DADRA AND NAGAR HAVELI (UT),SILVASSA,180103
296638,348.0,DADRA AND NAGAR HAVELI (UT),SILVASSA,180103
296639,183.0,DADRA AND NAGAR HAVELI (UT),SILVASSA,180103
296640,269.0,DADRA AND NAGAR HAVELI (UT),SILVASSA,180103
296641,475.0,DADRA AND NAGAR HAVELI (UT),SILVASSA,180103
296642,101.0,DADRA AND NAGAR HAVELI (UT),SILVASSA,180103
296643,115.0,DADRA AND NAGAR HAVELI (UT),SILVASSA,180103
296644,453.0,DADRA AND NAGAR HAVELI (UT),SILVASSA,180103
296645,46.0,DADRA AND NAGAR HAVELI (UT),SILVASSA,180103
296646,334.0,DADRA AND NAGAR HAVELI (UT),SILVASSA,180103
296647,314.0,DADRA AND NAGAR HAVELI (UT),SILVASSA,180103
296648,43.0,DADRA AND NAGAR HAVELI (UT),SILVASSA,180103
296649,496.0,DADRA AND NAGAR HAVELI (UT),SILVASSA,180103
296650,236.0,DADRA AND NAGAR HAVELI (UT),SILVASSA,180103
296651,196.0,DADRA AND NAGAR HAVELI (UT),SILVASSA,180103
296652,510.0,DADRA AND NAGAR HAVELI (UT),SILVASSA,180103
296653,343.0,DADRA AND NAGAR HAVELI (UT),SILVASSA,180103
296654,111.0,DADRA AND NAGAR HAVELI (UT),SILVASSA,180103
296655,336.0,DADRA AND NAGAR HAVELI (UT),SILVASSA,180103
296656,49.0,DADRA AND NAGAR HAVELI (UT),SILVASSA,180103
296657,135.0,DADRA AND NAGAR HAVELI (UT),SILVASSA,180103
296658,90.0,DADRA AND NAGAR HAVELI (UT),SILVASSA,180103
296659,477.0,DADRA AND NAGAR HAVELI (UT),SILVASSA,180103
296660,391.0,DADRA AND NAGAR HAVELI (UT),SILVASSA,180103
296661,36.0,DADRA AND NAGAR HAVELI (UT),SILVASSA,180103
296662,123.0,DADRA AND NAGAR HAVELI (UT),SILVASSA,180103
296663,597.0,DADRA AND NAGAR HAVELI (UT),SILVASSA,180103
296664,168.0,DADRA AND NAGAR HAVELI (UT),SILVASSA,180103
296665,521.0,DADRA AND NAGAR HAVELI (UT),SILVASSA,180103
296666,118.0,DADRA AND NAGAR HAVELI (UT),SILVASSA,180103
296667,356.0,DADRA AND NAGAR HAVELI (UT),SILVASSA,180103
296668,316.0,DADRA AND NAGAR HAVELI (UT),SILVASSA,180103
296669,72.0,DADRA AND NAGAR HAVELI (UT),SILVASSA,180103
296670,138.0,DADRA AND NAGAR HAVELI (UT),SILVASSA,180103
296671,169.0,DADRA AND NAGAR HAVELI (UT),SILVASSA,180103
296672,68.0,DADRA AND NAGAR HAVELI (UT),SILVASSA,180103
296673,455.0,DADRA AND NAGAR HAVELI (UT),SILVASSA,180103
296674,255.0,DADRA AND NAGAR HAVELI (UT),SILVASSA,180103
296675,71.0,DADRA AND NAGAR HAVELI (UT),SILVASSA,180103
296676,483.0,DADRA AND NAGAR HAVELI (UT),SILVASSA,180103
296677,85.0,DADRA AND NAGAR HAVELI (UT),SILVASSA,180103
296678,389.0,DADRA AND NAGAR HAVELI (UT),SILVASSA,180103
296679,605.0,DADRA AND NAGAR HAVELI (UT),SILVASSA,180103
296680,305.0,DADRA AND NAGAR HAVELI (UT),SILVASSA,180103
296681,22.0,DADRA AND NAGAR HAVELI (UT),SILVASSA,180103
296682,323.0,DADRA AND NAGAR HAVELI (UT),SILVASSA,180103
296683,63.0,DADRA AND NAGAR HAVELI (UT),SILVASSA,180103
296684,159.0,DADRA AND NAGAR HAVELI (UT),SILVASSA,180103
296685,427.0,DADRA AND NAGAR HAVELI (UT),SILVASSA,180103
296686,135.0,DADRA AND NAGAR HAVELI (UT),SILVASSA,180103
296687,154.0,DADRA AND NAGAR HAVELI (UT),SILVASSA,180103
296688,468.0,DADRA AND NAGAR HAVELI (UT),SILVASSA,180103
296689,192.0,DADRA AND NAGAR HAVELI (UT),SILVASSA,180103
296690,261.0,DADRA AND NAGAR HAVELI (UT),SILVASSA,180103
296691,156.0,DADRA AND NAGAR HAVELI (UT),SILVASSA,180103
296692,209.0,DADRA AND NAGAR HAVELI (UT),SILVASSA,180103
296693,319.0,DADRA AND NAGAR HAVELI (UT),SILVASSA,180103
296694,91.0,DADRA AND NAGAR HAVELI (UT),SILVASSA,180103
296695,354.0,DADRA AND NAGAR HAVELI (UT),SILVASSA,180103
296696,127.0,DADRA AND NAGAR HAVELI (UT),SILVASSA,180103
296697,190.0,DADRA AND NAGAR HAVELI (UT),SILVASSA,180103
296698,372.0,DADRA AND NAGAR HAVELI (UT),SILVASSA,180103
296699,194.0,DADRA AND NAGAR HAVELI (UT),SILVASSA,180103
296700,472.0,DADRA AND NAGAR HAVELI (UT),SILVASSA,180103
296701,445.0,DADRA AND NAGAR HAVELI (UT),SILVASSA,180103
296702,49.0,DADRA AND NAGAR HAVELI (UT),SILVASSA,180103
296703,170.0,DADRA AND NAGAR HAVELI (UT),SILVASSA,180103
296704,265.0,DADRA AND NAGAR HAVELI (UT),SILVASSA,180103
296705,366.0,DADRA AND NAGAR HAVELI (UT),SILVASSA,180103
296706,577.0,DADRA AND NAGAR HAVELI (UT),SILVASSA,180103
296707,196.0,DADRA AND NAGAR HAVELI (UT),SILVASSA,180103
296708,81.0,DADRA AND NAGAR HAVELI (UT),SILVASSA,180103
296709,543.0,DADRA AND NAGAR HAVELI (UT),SILVASSA,180103
296710,103.0,DADRA AND NAGAR HAVELI (UT),SILVASSA,180103
296711,75.0,DADRA AND NAGAR HAVELI (UT),SILVASSA,180103
296712,45.0,DADRA AND NAGAR HAVELI (UT),SILVASSA,180103
296713,219.0,DADRA AND NAGAR HAVELI (UT),SILVASSA,180103
296714,155.0,DADRA AND NAGAR HAVELI (UT),SILVASSA,180103
296715,254.0,DADRA AND NAGAR HAVELI (UT),SILVASSA,180103
296716,127.0,DADRA AND NAGAR HAVELI (UT),SILVASSA,180103
296717,490.0,DADRA AND NAGAR HAVELI (UT),SILVASSA,180103
296718,280.0,DADRA AND NAGAR HAVELI (UT),SILVASSA,180103
296719,539.0,DADRA AND NAGAR HAVELI (UT),SILVASSA,180103
296720,288.0,DADRA AND NAGAR HAVELI (UT),SILVASSA,180103
296721,294.0,DADRA AND NAGAR HAVELI (UT),SILVASSA,180103
296722,342.0,DADRA AND NAGAR HAVELI (UT),SILVASSA,180103
296723,280.0,DADRA AND NAGAR HAVELI (UT),SILVASSA,180103
296724,352.0,DADRA AND NAGAR HAVELI (UT),SILVASSA,180103
296725,127.0,DADRA AND NAGAR HAVELI (UT),SILVASSA,180103
296726,205.0,DADRA AND NAGAR HAVELI (UT),SILVASSA,180103
296727,243.0,DADRA AND NAGAR HAVELI (UT),SILVASSA,180103
296728,375.0,DADRA AND NAGAR HAVELI (UT),SILVASSA,180103
296729,141.0,DADRA AND NAGAR HAVELI (UT),SILVASSA,180103
296730,143.0,DADRA AND NAGAR HAVELI (UT),SILVASSA,180103
296731,500.0,DADRA AND NAGAR HAVELI (UT),SILVASSA,180103
296732,203.0,DADRA AND NAGAR HAVELI (UT),SILVASSA,180103
296733,631.0,DADRA AND NAGAR HAVELI (UT),SILVASSA,180103
296734,139.0,DADRA AND NAGAR HAVELI (UT),SILVASSA,180103
296735,107.0,DADRA AND NAGAR HAVELI (UT),SILVASSA,180103
296736,46.0,DADRA AND NAGAR HAVELI (UT),SILVASSA,180103
296737,266.0,DADRA AND NAGAR HAVELI (UT),SILVASSA,180103
296738,135.0,DADRA AND NAGAR HAVELI (UT),SILVASSA,180103
296739,75.0,DADRA AND NAGAR HAVELI (UT),SILVASSA,180103
296740,47.0,DADRA AND NAGAR HAVELI (UT),SILVASSA,180103
296741,279.0,DADRA AND NAGAR HAVELI (UT),SILVASSA,180103
296742,240.0,DADRA AND NAGAR HAVELI (UT),SILVASSA,180103
296743,128.0,DADRA AND NAGAR HAVELI (UT),SILVASSA,180103
296744,76.0,DADRA AND NAGAR HAVELI (UT),SILVASSA,180103
296745,68.0,DADRA AND NAGAR HAVELI (UT),SILVASSA,180103
296746,103.0,DADRA AND NAGAR HAVELI (UT),SILVASSA,180103
296747,270.0,DADRA AND NAGAR HAVELI (UT),SILVASSA,180103
296748,200.0,DADRA AND NAGAR HAVELI (UT),SILVASSA,180103
296749,131.0,DADRA AND NAGAR HAVELI (UT),SILVASSA,180103
296750,626.0,DADRA AND NAGAR HAVELI (UT),SILVASSA,180103
296751,332.0,DADRA AND NAGAR HAVELI (UT),SILVASSA,180103
296752,69.0,DADRA AND NAGAR HAVELI (UT),SILVASSA,180103
296753,436.0,DADRA AND NAGAR HAVELI (UT),SILVASSA,180103
296754,68.0,DADRA AND NAGAR HAVELI (UT),SILVASSA,180103
296755,477.0,DADRA AND NAGAR HAVELI (UT),SILVASSA,180103
296756,73.0,DADRA AND NAGAR HAVELI (UT),SILVASSA,180103
296757,136.0,DADRA AND NAGAR HAVELI (UT),SILVASSA,180103
296758,191.0,DADRA AND NAGAR HAVELI (UT),SILVASSA,180103
296759,93.0,DADRA AND NAGAR HAVELI (UT),SILVASSA,180103
296760,263.0,DADRA AND NAGAR HAVELI (UT),SILVASSA,180103
296761,493.0,DADRA AND NAGAR HAVELI (UT),SILVASSA,180103
296762,63.0,DADRA AND NAGAR HAVELI (UT),SILVASSA,180103
296763,99.0,DADRA AND NAGAR HAVELI (UT),SILVASSA,180103
296764,109.0,DADRA AND NAGAR HAVELI (UT),SILVASSA,180103
296765,261.0,DADRA AND NAGAR HAVELI (UT),SILVASSA,180103
296766,375.0,DADRA AND NAGAR HAVELI (UT),SILVASSA,180103
296767,524.0,DADRA AND NAGAR HAVELI (UT),SILVASSA,180103
296768,68.0,DADRA AND NAGAR HAVELI (UT),SILVASSA,180103
296769,536.0,DADRA AND NAGAR HAVELI (UT),SILVASSA,180103
296770,582.0,DADRA AND NAGAR HAVELI (UT),SILVASSA,180103
296771,225.0,DADRA AND NAGAR HAVELI (UT),SILVASSA,180103
296772,233.0,DADRA AND NAGAR HAVELI (UT),SILVASSA,180103
296773,540.0,DADRA AND NAGAR HAVELI (UT),SILVASSA,180103
296774,110.0,DADRA AND NAGAR HAVELI (UT),SILVASSA,180103
296775,113.0,DADRA AND NAGAR HAVELI (UT),SILVASSA,180103
296776,107.0,DADRA AND NAGAR HAVELI (UT),SILVASSA,180103
296777,88.0,DADRA AND NAGAR HAVELI (UT),SILVASSA,180103
296778,87.0,DADRA AND NAGAR HAVELI (UT),SILVASSA,180103
296779,133.0,DADRA AND NAGAR HAVELI (UT),SILVASSA,180103
296780,330.0,DADRA AND NAGAR HAVELI (UT),SILVASSA,180103
296781,123.0,DADRA AND NAGAR HAVELI (UT),SILVASSA,180103
296782,15.0,DADRA AND NAGAR HAVELI (UT),SILVASSA,180103
296783,80.0,DADRA AND NAGAR HAVELI (UT),SILVASSA,180103
296784,199.0,DADRA AND NAGAR HAVELI (UT),SILVASSA,180103
296785,484.0,DADRA AND NAGAR HAVELI (UT),SILVASSA,180103
296786,578.0,DADRA AND NAGAR HAVELI (UT),SILVASSA,180103
296787,195.0,DADRA AND NAGAR HAVELI (UT),SILVASSA,180103
296788,385.0,DADRA AND NAGAR HAVELI (UT),SILVASSA,180103
296789,384.0,DADRA AND NAGAR HAVELI (UT),SILVASSA,180103
296790,311.0,DADRA AND NAGAR HAVELI (UT),SILVASSA,180103
296791,85.0,DADRA AND NAGAR HAVELI (UT),SILVASSA,180103
296792,52.0,DADRA AND NAGAR HAVELI (UT),SILVASSA,180103
296793,278.0,DADRA AND NAGAR HAVELI (UT),SILVASSA,180103
296794,175.0,DADRA AND NAGAR HAVELI (UT),SILVASSA,180103
296795,120.0,DADRA AND NAGAR HAVELI (UT),SILVASSA,180103
296796,586.0,DADRA AND NAGAR HAVELI (UT),SILVASSA,180103
296797,54.0,DADRA AND NAGAR HAVELI (UT),SILVASSA,180103
296798,238.0,DADRA AND NAGAR HAVELI (UT),SILVASSA,180103
296799,314.0,DADRA AND NAGAR HAVELI (UT),SILVASSA,180103
296800,188.0,DADRA AND NAGAR HAVELI (UT),SILVASSA,180103
296801,187.0,DADRA AND NAGAR HAVELI (UT),SILVASSA,180103
296802,115.0,DADRA AND NAGAR HAVELI (UT),SILVASSA,180103
296803,78.0,DADRA AND NAGAR HAVELI (UT),SILVASSA,180103
296804,158.0,DADRA AND NAGAR HAVELI (UT),SILVASSA,180103
296805,308.0,DADRA AND NAGAR HAVELI (UT),SILVASSA,180103
296806,288.0,DADRA AND NAGAR HAVELI (UT),SILVASSA,180103
296807,518.0,DADRA AND NAGAR HAVELI (UT),SILVASSA,180103
296808,337.0,DADRA AND NAGAR HAVELI (UT),SILVASSA,180103
296809,574.0,DADRA AND NAGAR HAVELI (UT),SILVASSA,180103
296810,333.0,DADRA AND NAGAR HAVELI (UT),SILVASSA,180103
296811,266.0,DADRA AND NAGAR HAVELI (UT),SILVASSA,180103
296812,123.0,DADRA AND NAGAR HAVELI (UT),SILVASSA,180103
296813,321.0,DADRA AND NAGAR HAVELI (UT),SILVASSA,180103
296814,102.0,DADRA AND NAGAR HAVELI (UT),SILVASSA,180103
296815,120.0,DADRA AND NAGAR HAVELI (UT),SILVASSA,180103
296816,301.0,DADRA AND NAGAR HAVELI (UT),SILVASSA,180103
296817,69.0,DADRA AND NAGAR HAVELI (UT),SILVASSA,180103
296818,290.0,DADRA AND NAGAR HAVELI (UT),SILVASSA,180103
296819,435.0,DADRA AND NAGAR HAVELI (UT),SILVASSA,180103
296820,491.0,DADRA AND NAGAR HAVELI (UT),SILVASSA,180103
296821,86.0,DADRA AND NAGAR HAVELI (UT),SILVASSA,180103
296822,157.0,DADRA AND NAGAR HAVELI (UT),SILVASSA,180103
296823,200.0,DADRA AND NAGAR HAVELI (UT),SILVASSA,180103
296824,391.0,DADRA AND NAGAR HAVELI (UT),SILVASSA,180103
296825,91.0,DADRA AND NAGAR HAVELI (UT),SILVASSA,180103
296826,195.0,DADRA AND NAGAR HAVELI (UT),SILVASSA,180103
296827,292.0,DADRA AND NAGAR HAVELI (UT),SILVASSA,180103
296828,118.0,DADRA AND NAGAR HAVELI (UT),SILVASSA,180103
296829,194.0,DADRA AND NAGAR HAVELI (UT),SILVASSA,180103
296830,68.0,DADRA AND NAGAR HAVELI (UT),SILVASSA,180103
296831,114.0,DADRA AND NAGAR HAVELI (UT),SILVASSA,180103
296832,285.0,DADRA AND NAGAR HAVELI (UT),SILVASSA,180103
296833,565.0,DADRA AND NAGAR HAVELI (UT),SILVASSA,180103
296834,112.0,DADRA AND NAGAR HAVELI (UT),SILVASSA,180103
296835,584.0,DADRA AND NAGAR HAVELI (UT),SILVASSA,180103
296836,45.0,DADRA AND NAGAR HAVELI (UT),SILVASSA,180103
296837,52.0,DADRA AND NAGAR HAVELI (UT),SILVASSA,180103
296838,175.0,DADRA AND NAGAR HAVELI (UT),SILVASSA,180103
296839,169.0,DADRA AND NAGAR HAVELI (UT),SILVASSA,180103
296840,32.0,DADRA AND NAGAR HAVELI (UT),SILVASSA,180103
296841,190.0,DADRA AND NAGAR HAVELI (UT),SILVASSA,180103
296842,270.0,DADRA AND NAGAR HAVELI (UT),SILVASSA,180103
296843,109.0,DADRA AND NAGAR HAVELI (UT),SILVASSA,180103
296844,150.0,DADRA AND NAGAR HAVELI (UT),SILVASSA,180103
296845,436.0,DADRA AND NAGAR HAVELI (UT),SILVASSA,180103
296846,306.0,DADRA AND NAGAR HAVELI (UT),SILVASSA,180103
296847,101.0,DADRA AND NAGAR HAVELI (UT),SILVASSA,180103
296848,230.0,DADRA AND NAGAR HAVELI (UT),SILVASSA,180103
296849,389.0,DADRA AND NAGAR HAVELI (UT),SILVASSA,180103
296850,254.0,DADRA AND NAGAR HAVELI (UT),SILVASSA,180103
296851,354.0,DADRA AND NAGAR HAVELI (UT),SILVASSA,180103
296852,233.0,DADRA AND NAGAR HAVELI (UT),SILVASSA,180103
296853,231.0,DADRA AND NAGAR HAVELI (UT),SILVASSA,180103
296854,320.0,DADRA AND NAGAR HAVELI (UT),SILVASSA,180103
296855,106.0,DADRA AND NAGAR HAVELI (UT),SILVASSA,180103
296856,249.0,DADRA AND NAGAR HAVELI (UT),SILVASSA,180103
296857,559.0,DADRA AND NAGAR HAVELI (UT),SILVASSA,180103
296858,325.0,DADRA AND NAGAR HAVELI (UT),SILVASSA,180103
296859,37.0,DADRA AND NAGAR HAVELI (UT),SILVASSA,180103
296860,90.0,DADRA AND NAGAR HAVELI (UT),SILVASSA,180103
296861,131.0,DADRA AND NAGAR HAVELI (UT),SILVASSA,180103
296862,571.0,DADRA AND NAGAR HAVELI (UT),SILVASSA,180103
296863,154.0,DADRA AND NAGAR HAVELI (UT),SILVASSA,180103
296864,435.0,DADRA AND NAGAR HAVELI (UT),SILVASSA,180103
296865,185.0,DADRA AND NAGAR HAVELI (UT),SILVASSA,180103
296866,200.0,DADRA AND NAGAR HAVELI (UT),SILVASSA,180103
296867,243.0,DADRA AND NAGAR HAVELI (UT),SILVASSA,180103
296868,406.0,DADRA AND NAGAR HAVELI (UT),SILVASSA,180103
296869,270.0,DADRA AND NAGAR HAVELI (UT),SILVASSA,180103
296870,156.0,DADRA AND NAGAR HAVELI (UT),SILVASSA,180103
296871,107.0,DADRA AND NAGAR HAVELI (UT),SILVASSA,180103
296872,201.0,DADRA AND NAGAR HAVELI (UT),SILVASSA,180103
296873,538.0,DADRA AND NAGAR HAVELI (UT),SILVASSA,180103
296874,279.0,DADRA AND NAGAR HAVELI (UT),SILVASSA,180103
296875,261.0,DADRA AND NAGAR HAVELI (UT),SILVASSA,180103
296876,67.0,DADRA AND NAGAR HAVELI (UT),SILVASSA,180103
296877,93.0,DADRA AND NAGAR HAVELI (UT),SILVASSA,180103
296878,75.0,DADRA AND NAGAR HAVELI (UT),SILVASSA,180103
296879,218.0,DADRA AND NAGAR HAVELI (UT),SILVASSA,180103
296880,150.0,DADRA AND NAGAR HAVELI (UT),SILVASSA,180103
296881,446.0,DADRA AND NAGAR HAVELI (UT),SILVASSA,180103
296882,68.0,DADRA AND NAGAR HAVELI (UT),SILVASSA,180103
296883,86.0,DADRA AND NAGAR HAVELI (UT),SILVASSA,180103
296884,44.0,DADRA AND NAGAR HAVELI (UT),SILVASSA,180103
296885,224.0,DADRA AND NAGAR HAVELI (UT),SILVASSA,180103
296886,309.0,DADRA AND NAGAR HAVELI (UT),SILVASSA,180103
296887,129.0,DADRA AND NAGAR HAVELI (UT),SILVASSA,180103
296888,119.0,DADRA AND NAGAR HAVELI (UT),SILVASSA,180103
296889,53.0,DADRA AND NAGAR HAVELI (UT),SILVASSA,180103
296890,106.0,DADRA AND NAGAR HAVELI (UT),SILVASSA,180103
296891,331.0,DADRA AND NAGAR HAVELI (UT),SILVASSA,180103
296892,112.0,DADRA AND NAGAR HAVELI (UT),SILVASSA,180103
296893,70.0,DADRA AND NAGAR HAVELI (UT),SILVASSA,180103
296894,437.0,DADRA AND NAGAR HAVELI (UT),SILVASSA,180103
296895,137.0,DADRA AND NAGAR HAVELI (UT),SILVASSA,180103
296896,159.0,DADRA AND NAGAR HAVELI (UT),SILVASSA,180103
296897,493.0,DADRA AND NAGAR HAVELI (UT),SILVASSA,180103
296898,304.0,DADRA AND NAGAR HAVELI (UT),SILVASSA,180103
296899,118.0,DADRA AND NAGAR HAVELI (UT),SILVASSA,180103
296900,30.0,DADRA AND NAGAR HAVELI (UT),SILVASSA,180103
296901,539.0,DADRA AND NAGAR HAVELI (UT),SILVASSA,180103
296902,105.0,DADRA AND NAGAR HAVELI (UT),SILVASSA,180103
296903,72.0,DADRA AND NAGAR HAVELI (UT),SILVASSA,180103
296904,468.0,DADRA AND NAGAR HAVELI (UT),SILVASSA,180103
296905,89.0,DADRA AND NAGAR HAVELI (UT),SILVASSA,180103
296906,229.0,DADRA AND NAGAR HAVELI (UT),SILVASSA,180103
296907,381.0,DADRA AND NAGAR HAVELI (UT),SILVASSA,180103
296908,183.0,DADRA AND NAGAR HAVELI (UT),SILVASSA,180103
296909,202.0,DADRA AND NAGAR HAVELI (UT),SILVASSA,180103
296910,435.0,DADRA AND NAGAR HAVELI (UT),SILVASSA,180103
296911,590.0,DADRA AND NAGAR HAVELI (UT),SILVASSA,180103
296912,92.0,DADRA AND NAGAR HAVELI (UT),SILVASSA,180103
296913,261.0,DADRA AND NAGAR HAVELI (UT),SILVASSA,180103
296914,388.0,DADRA AND NAGAR HAVELI (UT),SILVASSA,180103
296915,281.0,DADRA AND NAGAR HAVELI (UT),SILVASSA,180103
296916,65.0,DADRA AND NAGAR HAVELI (UT),SILVASSA,180103
296917,175.0,DADRA AND NAGAR HAVELI (UT),SILVASSA,180103
296918,217.0,DADRA AND NAGAR HAVELI (UT),SILVASSA,180103
296919,81.0,DADRA AND NAGAR HAVELI (UT),SILVASSA,180104
296920,58.0,DADRA AND NAGAR HAVELI (UT),SILVASSA,180104
296921,124.0,DADRA AND NAGAR HAVELI (UT),SILVASSA,180104
296922,142.0,DADRA AND NAGAR HAVELI (UT),SILVASSA,180104
296923,116.0,DADRA AND NAGAR HAVELI (UT),SILVASSA,180104
296924,100.0,DADRA AND NAGAR HAVELI (UT),SILVASSA,180104
296925,51.0,DADRA AND NAGAR HAVELI (UT),SILVASSA,180104
296926,139.0,DADRA AND NAGAR HAVELI (UT),SILVASSA,180104
296927,68.0,DADRA AND NAGAR HAVELI (UT),SILVASSA,180104
296928,48.0,DADRA AND NAGAR HAVELI (UT),SILVASSA,180104
296929,82.0,DADRA AND NAGAR HAVELI (UT),SILVASSA,180104
296930,125.0,DADRA AND NAGAR HAVELI (UT),SILVASSA,180104
296931,285.0,DADRA AND NAGAR HAVELI (UT),SILVASSA,180104
296932,30.0,DADRA AND NAGAR HAVELI (UT),SILVASSA,180104
296933,155.0,DADRA AND NAGAR HAVELI (UT),SILVASSA,180104
296934,93.0,DADRA AND NAGAR HAVELI (UT),SILVASSA,180104
296935,84.0,DADRA AND NAGAR HAVELI (UT),SILVASSA,180104
296936,222.0,DADRA AND NAGAR HAVELI (UT),SILVASSA,180104
296937,262.0,DADRA AND NAGAR HAVELI (UT),SILVASSA,180104
296938,-10.0,DADRA AND NAGAR HAVELI (UT),SILVASSA,180104
296939,325.0,DADRA AND NAGAR HAVELI (UT),SILVASSA,180104
296940,552.0,DADRA AND NAGAR HAVELI (UT),SILVASSA,180104
296941,61.0,DADRA AND NAGAR HAVELI (UT),SILVASSA,180104
296942,87.0,DADRA AND NAGAR HAVELI (UT),SILVASSA,180104
296943,82.0,DADRA AND NAGAR HAVELI (UT),SILVASSA,180104
296944,192.0,DADRA AND NAGAR HAVELI (UT),SILVASSA,180104
296945,39.0,DADRA AND NAGAR HAVELI (UT),SILVASSA,180104
296946,85.0,DADRA AND NAGAR HAVELI (UT),SILVASSA,180104
296947,144.0,DADRA AND NAGAR HAVELI (UT),SILVASSA,180104
296948,63.0,DADRA AND NAGAR HAVELI (UT),SILVASSA,180104
296949,113.0,DADRA AND NAGAR HAVELI (UT),SILVASSA,180104
296950,540.0,DADRA AND NAGAR HAVELI (UT),SILVASSA,180104
296951,150.0,DADRA AND NAGAR HAVELI (UT),SILVASSA,180104
296952,65.0,DADRA AND NAGAR HAVELI (UT),SILVASSA,180104
296953,176.0,DADRA AND NAGAR HAVELI (UT),SILVASSA,180104
296954,154.0,DADRA AND NAGAR HAVELI (UT),SILVASSA,180104
296955,56.0,DADRA AND NAGAR HAVELI (UT),SILVASSA,180104
296956,149.0,DADRA AND NAGAR HAVELI (UT),SILVASSA,180104
296957,64.0,DADRA AND NAGAR HAVELI (UT),SILVASSA,180104
296958,55.0,DADRA AND NAGAR HAVELI (UT),SILVASSA,180104
296959,187.0,DADRA AND NAGAR HAVELI (UT),SILVASSA,180104
296960,133.0,DADRA AND NAGAR HAVELI (UT),SILVASSA,180104
296961,206.0,DADRA AND NAGAR HAVELI (UT),SILVASSA,180104
296962,29.0,DADRA AND NAGAR HAVELI (UT),SILVASSA,180104
296963,81.0,DADRA AND NAGAR HAVELI (UT),SILVASSA,180104
296964,301.0,DADRA AND NAGAR HAVELI (UT),SILVASSA,180104
296965,358.0,DADRA AND NAGAR HAVELI (UT),SILVASSA,180104
296966,157.0,DADRA AND NAGAR HAVELI (UT),SILVASSA,180104
296967,114.0,DADRA AND NAGAR HAVELI (UT),SILVASSA,180104
296968,74.0,DADRA AND NAGAR HAVELI (UT),SILVASSA,180104
296969,397.0,DADRA AND NAGAR HAVELI (UT),SILVASSA,180104
296970,289.0,DADRA AND NAGAR HAVELI (UT),SILVASSA,180104
296971,74.0,DADRA AND NAGAR HAVELI (UT),SILVASSA,180104
296972,403.0,DADRA AND NAGAR HAVELI (UT),SILVASSA,180104
296973,500.0,DADRA AND NAGAR HAVELI (UT),SILVASSA,180104
296974,85.0,DADRA AND NAGAR HAVELI (UT),SILVASSA,180104
296975,54.0,DADRA AND NAGAR HAVELI (UT),SILVASSA,180104
296976,63.0,DADRA AND NAGAR HAVELI (UT),SILVASSA,180104
296977,64.0,DADRA AND NAGAR HAVELI (UT),SILVASSA,180104
296978,125.0,DADRA AND NAGAR HAVELI (UT),SILVASSA,180104
296979,582.0,DADRA AND NAGAR HAVELI (UT),SILVASSA,180104
296980,156.0,DADRA AND NAGAR HAVELI (UT),SILVASSA,180104
296981,91.0,DADRA AND NAGAR HAVELI (UT),SILVASSA,180104
296982,347.0,DADRA AND NAGAR HAVELI (UT),SILVASSA,180104
296983,324.0,DADRA AND NAGAR HAVELI (UT),SILVASSA,180104
296984,144.0,DADRA AND NAGAR HAVELI (UT),SILVASSA,180104
296985,67.0,DADRA AND NAGAR HAVELI (UT),SILVASSA,180104
296986,105.0,DADRA AND NAGAR HAVELI (UT),SILVASSA,180104
296987,373.0,DADRA AND NAGAR HAVELI (UT),SILVASSA,180104
296988,155.0,DADRA AND NAGAR HAVELI (UT),SILVASSA,180104
296989,56.0,DADRA AND NAGAR HAVELI (UT),SILVASSA,180104
296990,76.0,DADRA AND NAGAR HAVELI (UT),SILVASSA,180104
296991,223.0,DADRA AND NAGAR HAVELI (UT),SILVASSA,180104
296992,68.0,DADRA AND NAGAR HAVELI (UT),SILVASSA,180104
296993,58.0,DADRA AND NAGAR HAVELI (UT),SILVASSA,180104
296994,159.0,DADRA AND NAGAR HAVELI (UT),SILVASSA,180104
296995,27.0,DADRA AND NAGAR HAVELI (UT),SILVASSA,180104
296996,131.0,DADRA AND NAGAR HAVELI (UT),SILVASSA,180104
296997,118.0,DADRA AND NAGAR HAVELI (UT),SILVASSA,180104
296998,91.0,DADRA AND NAGAR HAVELI (UT),SILVASSA,180104
296999,105.0,DADRA AND NAGAR HAVELI (UT),SILVASSA,180104
297000,143.0,DADRA AND NAGAR HAVELI (UT),SILVASSA,180104
297001,127.0,DADRA AND NAGAR HAVELI (UT),SILVASSA,180104
297002,287.0,DADRA AND NAGAR HAVELI (UT),SILVASSA,180104
297003,84.0,DADRA AND NAGAR HAVELI (UT),SILVASSA,180104
297004,175.0,DADRA AND NAGAR HAVELI (UT),SILVASSA,180104
297005,35.0,DADRA AND NAGAR HAVELI (UT),SILVASSA,180104
297006,105.0,DADRA AND NAGAR HAVELI (UT),SILVASSA,180104
297007,86.0,DADRA AND NAGAR HAVELI (UT),SILVASSA,180104
297008,105.0,DADRA AND NAGAR HAVELI (UT),SILVASSA,180104
297009,26.0,DADRA AND NAGAR HAVELI (UT),SILVASSA,180104
297010,364.0,DADRA AND NAGAR HAVELI (UT),SILVASSA,180104
297011,157.0,DADRA AND NAGAR HAVELI (UT),SILVASSA,180104
297012,76.0,DADRA AND NAGAR HAVELI (UT),SILVASSA,180104
297013,88.0,DADRA AND NAGAR HAVELI (UT),SILVASSA,180104
297014,227.0,DADRA AND NAGAR HAVELI (UT),SILVASSA,180104
297015,266.0,DADRA AND NAGAR HAVELI (UT),SILVASSA,180104
297016,451.0,DADRA AND NAGAR HAVELI (UT),SILVASSA,180104
297017,300.0,DADRA AND NAGAR HAVELI (UT),SILVASSA,180104
297018,332.0,DADRA AND NAGAR HAVELI (UT),SILVASSA,180104
297019,273.0,DADRA AND NAGAR HAVELI (UT),SILVASSA,180104
297020,124.0,DADRA AND NAGAR HAVELI (UT),SILVASSA,180104
297021,186.0,DADRA AND NAGAR HAVELI (UT),SILVASSA,180104
297022,131.0,DADRA AND NAGAR HAVELI (UT),SILVASSA,180104
297023,217.0,DADRA AND NAGAR HAVELI (UT),SILVASSA,180104
297024,148.0,DADRA AND NAGAR HAVELI (UT),SILVASSA,180104
297025,64.0,DADRA AND NAGAR HAVELI (UT),SILVASSA,180104
297026,195.0,DADRA AND NAGAR HAVELI (UT),SILVASSA,180104
297027,100.0,DADRA AND NAGAR HAVELI (UT),SILVASSA,180104
297028,176.0,DADRA AND NAGAR HAVELI (UT),SILVASSA,180104
297029,57.0,DADRA AND NAGAR HAVELI (UT),SILVASSA,180104
297030,242.0,DADRA AND NAGAR HAVELI (UT),SILVASSA,180104
297031,133.0,DADRA AND NAGAR HAVELI (UT),SILVASSA,180104
297032,110.0,DADRA AND NAGAR HAVELI (UT),SILVASSA,180104
297033,213.0,DADRA AND NAGAR HAVELI (UT),SILVASSA,180104
297034,104.0,DADRA AND NAGAR HAVELI (UT),SILVASSA,180104
297035,57.0,DADRA AND NAGAR HAVELI (UT),SILVASSA,180104
297036,112.0,DADRA AND NAGAR HAVELI (UT),SILVASSA,180104
297037,74.0,DADRA AND NAGAR HAVELI (UT),SILVASSA,180104
297038,113.0,DADRA AND NAGAR HAVELI (UT),SILVASSA,180104
297039,199.0,DADRA AND NAGAR HAVELI (UT),SILVASSA,180104
297040,185.0,DADRA AND NAGAR HAVELI (UT),SILVASSA,180104
297041,53.0,DADRA AND NAGAR HAVELI (UT),SILVASSA,180104
297042,118.0,DADRA AND NAGAR HAVELI (UT),SILVASSA,180104
297043,280.0,DADRA AND NAGAR HAVELI (UT),SILVASSA,180104
297044,208.0,DADRA AND NAGAR HAVELI (UT),SILVASSA,180104
297045,195.0,DADRA AND NAGAR HAVELI (UT),SILVASSA,180104
297046,79.0,DADRA AND NAGAR HAVELI (UT),SILVASSA,180104
297047,391.0,DADRA AND NAGAR HAVELI (UT),SILVASSA,180104
297048,617.0,DADRA AND NAGAR HAVELI (UT),SILVASSA,180104
297049,173.0,DADRA AND NAGAR HAVELI (UT),SILVASSA,180104
297050,136.0,DADRA AND NAGAR HAVELI (UT),SILVASSA,180104
297051,370.0,DADRA AND NAGAR HAVELI (UT),SILVASSA,180104
297052,77.0,DADRA AND NAGAR HAVELI (UT),SILVASSA,180104
297053,112.0,DADRA AND NAGAR HAVELI (UT),SILVASSA,180104
297054,418.0,DADRA AND NAGAR HAVELI (UT),SILVASSA,180104
297055,0.0,DADRA AND NAGAR HAVELI (UT),SILVASSA,180104
297056,217.0,DADRA AND NAGAR HAVELI (UT),SILVASSA,180104
297057,357.0,DADRA AND NAGAR HAVELI (UT),SILVASSA,180104
297058,43.0,DADRA AND NAGAR HAVELI (UT),SILVASSA,180104
297059,65.0,DADRA AND NAGAR HAVELI (UT),SILVASSA,180104
297060,157.0,DADRA AND NAGAR HAVELI (UT),SILVASSA,180104
297061,53.0,DADRA AND NAGAR HAVELI (UT),SILVASSA,180104
297062,108.0,DADRA AND NAGAR HAVELI (UT),SILVASSA,180104
297063,80.0,DADRA AND NAGAR HAVELI (UT),SILVASSA,180104
297064,26.0,DADRA AND NAGAR HAVELI (UT),SILVASSA,180104
297065,446.0,DADRA AND NAGAR HAVELI (UT),SILVASSA,180104
297066,290.0,DADRA AND NAGAR HAVELI (UT),SILVASSA,180104
297067,132.0,DADRA AND NAGAR HAVELI (UT),SILVASSA,180104
297068,57.0,DADRA AND NAGAR HAVELI (UT),SILVASSA,180104
297069,83.0,DADRA AND NAGAR HAVELI (UT),SILVASSA,180104
297070,124.0,DADRA AND NAGAR HAVELI (UT),SILVASSA,180104
297071,138.0,DADRA AND NAGAR HAVELI (UT),SILVASSA,180104
297072,141.0,DADRA AND NAGAR HAVELI (UT),SILVASSA,180104
297073,177.0,DADRA AND NAGAR HAVELI (UT),SILVASSA,180104
297074,73.0,DADRA AND NAGAR HAVELI (UT),SILVASSA,180104
297075,105.0,DADRA AND NAGAR HAVELI (UT),SILVASSA,180104
297076,230.0,DADRA AND NAGAR HAVELI (UT),SILVASSA,180104
297077,84.0,DADRA AND NAGAR HAVELI (UT),SILVASSA,180104
297078,168.0,DADRA AND NAGAR HAVELI (UT),SILVASSA,180104
297079,81.0,DADRA AND NAGAR HAVELI (UT),SILVASSA,180104
297080,248.0,DADRA AND NAGAR HAVELI (UT),SILVASSA,180104
297081,651.0,DADRA AND NAGAR HAVELI (UT),SILVASSA,180104
297082,98.0,DADRA AND NAGAR HAVELI (UT),SILVASSA,180104
297083,148.0,DADRA AND NAGAR HAVELI (UT),SILVASSA,180104
297084,310.0,DADRA AND NAGAR HAVELI (UT),SILVASSA,180104
297085,154.0,DADRA AND NAGAR HAVELI (UT),SILVASSA,180104
297086,428.0,DADRA AND NAGAR HAVELI (UT),SILVASSA,180104
297087,105.0,DADRA AND NAGAR HAVELI (UT),SILVASSA,180104
297088,61.0,DADRA AND NAGAR HAVELI (UT),SILVASSA,180104
297089,130.0,DADRA AND NAGAR HAVELI (UT),SILVASSA,180104
297090,140.0,DADRA AND NAGAR HAVELI (UT),SILVASSA,180104
297091,439.0,DADRA AND NAGAR HAVELI (UT),SILVASSA,180104
297092,324.0,DADRA AND NAGAR HAVELI (UT),SILVASSA,180104
297093,225.0,DADRA AND NAGAR HAVELI (UT),SILVASSA,180104
297094,108.0,DADRA AND NAGAR HAVELI (UT),SILVASSA,180104
297095,224.0,DADRA AND NAGAR HAVELI (UT),SILVASSA,180104
297096,115.0,DADRA AND NAGAR HAVELI (UT),SILVASSA,180104
297097,86.0,DADRA AND NAGAR HAVELI (UT),SILVASSA,180104
297098,110.0,DADRA AND NAGAR HAVELI (UT),SILVASSA,180104
297099,126.0,DADRA AND NAGAR HAVELI (UT),SILVASSA,180104
297100,75.0,DADRA AND NAGAR HAVELI (UT),SILVASSA,180104
297101,115.0,DADRA AND NAGAR HAVELI (UT),SILVASSA,180104
297102,22.0,DADRA AND NAGAR HAVELI (UT),SILVASSA,180104
297103,95.0,DADRA AND NAGAR HAVELI (UT),SILVASSA,180104
297104,95.0,DADRA AND NAGAR HAVELI (UT),SILVASSA,180104
297105,125.0,DADRA AND NAGAR HAVELI (UT),SILVASSA,180104
297106,48.0,DADRA AND NAGAR HAVELI (UT),SILVASSA,180104
297107,48.0,DADRA AND NAGAR HAVELI (UT),SILVASSA,180104
297108,90.0,DADRA AND NAGAR HAVELI (UT),SILVASSA,180104
297109,129.0,DADRA AND NAGAR HAVELI (UT),SILVASSA,180104
297110,259.0,DADRA AND NAGAR HAVELI (UT),SILVASSA,180104
297111,284.0,DADRA AND NAGAR HAVELI (UT),SILVASSA,180104
297112,242.0,DADRA AND NAGAR HAVELI (UT),SILVASSA,180104
297113,129.0,DADRA AND NAGAR HAVELI (UT),SILVASSA,180104
297114,325.0,DADRA AND NAGAR HAVELI (UT),SILVASSA,180104
297115,70.0,DADRA AND NAGAR HAVELI (UT),SILVASSA,180104
297116,61.0,DADRA AND NAGAR HAVELI (UT),SILVASSA,180104
297117,425.0,DADRA AND NAGAR HAVELI (UT),SILVASSA,180104
297118,130.0,DADRA AND NAGAR HAVELI (UT),SILVASSA,180104
297119,209.0,DADRA AND NAGAR HAVELI (UT),SILVASSA,180104
297120,119.0,DADRA AND NAGAR HAVELI (UT),SILVASSA,180104
297121,608.0,DADRA AND NAGAR HAVELI (UT),SILVASSA,180104
297122,45.0,DADRA AND NAGAR HAVELI (UT),SILVASSA,180104
297123,116.0,DADRA AND NAGAR HAVELI (UT),SILVASSA,180104
297124,192.0,DADRA AND NAGAR HAVELI (UT),SILVASSA,180104
297125,128.0,DADRA AND NAGAR HAVELI (UT),SILVASSA,180104
297126,106.0,DADRA AND NAGAR HAVELI (UT),SILVASSA,180104
297127,576.0,DADRA AND NAGAR HAVELI (UT),SILVASSA,180104
297128,119.0,DADRA AND NAGAR HAVELI (UT),SILVASSA,180104
297129,192.0,DADRA AND NAGAR HAVELI (UT),SILVASSA,180104
297130,295.0,DADRA AND NAGAR HAVELI (UT),SILVASSA,180104
297131,118.0,DADRA AND NAGAR HAVELI (UT),SILVASSA,180104
297132,514.0,DADRA AND NAGAR HAVELI (UT),SILVASSA,180104
297133,140.0,DADRA AND NAGAR HAVELI (UT),SILVASSA,180104
297134,194.0,DADRA AND NAGAR HAVELI (UT),SILVASSA,180104
297135,73.0,DADRA AND NAGAR HAVELI (UT),SILVASSA,180104
297136,80.0,DADRA AND NAGAR HAVELI (UT),SILVASSA,180104
297137,89.0,DADRA AND NAGAR HAVELI (UT),SILVASSA,180104
297138,275.0,DADRA AND NAGAR HAVELI (UT),SILVASSA,180104
297139,305.0,DADRA AND NAGAR HAVELI (UT),SILVASSA,180104
297140,106.0,DADRA AND NAGAR HAVELI (UT),SILVASSA,180104
297141,220.0,DADRA AND NAGAR HAVELI (UT),SILVASSA,180104
297142,120.0,DADRA AND NAGAR HAVELI (UT),SILVASSA,180104
297143,40.0,DADRA AND NAGAR HAVELI (UT),SILVASSA,180104
297144,226.0,DADRA AND NAGAR HAVELI (UT),SILVASSA,180104
297145,108.0,DADRA AND NAGAR HAVELI (UT),SILVASSA,180104
297146,254.0,DADRA AND NAGAR HAVELI (UT),SILVASSA,180104
297147,77.0,DADRA AND NAGAR HAVELI (UT),SILVASSA,180104
297148,283.0,DADRA AND NAGAR HAVELI (UT),SILVASSA,180104
297149,339.0,DADRA AND NAGAR HAVELI (UT),SILVASSA,180104
297150,124.0,DADRA AND NAGAR HAVELI (UT),SILVASSA,180104
297151,233.0,DADRA AND NAGAR HAVELI (UT),SILVASSA,180104
297152,225.0,DADRA AND NAGAR HAVELI (UT),SILVASSA,180104
297153,89.0,DADRA AND NAGAR HAVELI (UT),SILVASSA,180104
297154,100.0,DADRA AND NAGAR HAVELI (UT),SILVASSA,180104
297155,84.0,DADRA AND NAGAR HAVELI (UT),SILVASSA,180104
297156,345.0,DADRA AND NAGAR HAVELI (UT),SILVASSA,180104
297157,245.0,DADRA AND NAGAR HAVELI (UT),SILVASSA,180104
297158,110.0,DADRA AND NAGAR HAVELI (UT),SILVASSA,180104
297159,368.0,DADRA AND NAGAR HAVELI (UT),SILVASSA,180104
297160,211.0,DADRA AND NAGAR HAVELI (UT),SILVASSA,180104
297161,44.0,DADRA AND NAGAR HAVELI (UT),SILVASSA,180104
297162,319.0,DADRA AND NAGAR HAVELI (UT),SILVASSA,180104
297163,230.0,DADRA AND NAGAR HAVELI (UT),SILVASSA,180104
297164,220.0,DADRA AND NAGAR HAVELI (UT),SILVASSA,180104
297165,148.0,DADRA AND NAGAR HAVELI (UT),SILVASSA,180104
297166,415.0,DADRA AND NAGAR HAVELI (UT),SILVASSA,180104
297167,89.0,DADRA AND NAGAR HAVELI (UT),SILVASSA,180104
297168,151.0,DADRA AND NAGAR HAVELI (UT),SILVASSA,180104
297169,87.0,DADRA AND NAGAR HAVELI (UT),SILVASSA,180104
297170,116.0,DADRA AND NAGAR HAVELI (UT),SILVASSA,180104
297171,427.0,DADRA AND NAGAR HAVELI (UT),SILVASSA,180104
297172,388.0,DADRA AND NAGAR HAVELI (UT),SILVASSA,180104
297173,495.0,DADRA AND NAGAR HAVELI (UT),SILVASSA,180104
297174,71.0,DADRA AND NAGAR HAVELI (UT),SILVASSA,180104
297175,136.0,DADRA AND NAGAR HAVELI (UT),SILVASSA,180104
297176,479.0,DADRA AND NAGAR HAVELI (UT),SILVASSA,180104
297177,65.0,DADRA AND NAGAR HAVELI (UT),SILVASSA,180104
297178,50.0,DADRA AND NAGAR HAVELI (UT),SILVASSA,180104
297179,260.0,DADRA AND NAGAR HAVELI (UT),SILVASSA,180104
297180,85.0,DADRA AND NAGAR HAVELI (UT),SILVASSA,180104
